Price,Close,High,Low,Open,Volume
Ticker,^BSESN,^BSESN,^BSESN,^BSESN,^BSESN
Date,,,,,
2020-12-17,46890.33984375,46992.5703125,46627.6015625,46774.3203125,17200
2020-12-18,46960.69140625,47026.01953125,46630.30859375,47026.01953125,12800
2020-12-21,45553.9609375,47055.69140625,44923.078125,46932.1796875,24400
2020-12-22,46006.69140625,46080.1796875,45112.19140625,45529.609375,25100
2020-12-23,46444.1796875,46513.3203125,45899.1015625,46072.30078125,10500
2020-12-24,46973.5390625,47053.3984375,46539.01953125,46743.48828125,13700
2020-12-28,47353.75,47406.71875,47148.23828125,47153.58984375,9600
2020-12-29,47613.078125,47714.55078125,47361.8984375,47466.62109375,12800
2020-12-30,47746.21875,47807.8515625,47358.359375,47789.03125,15600
2020-12-31,47751.328125,47896.96875,47602.12109375,47753.109375,13900
2021-01-01,47868.98046875,47984.359375,47771.1484375,47785.28125,82700
2021-01-04,48176.80078125,48220.46875,47594.46875,48109.171875,13900
2021-01-05,48437.78125,48486.23828125,47903.37890625,48037.62890625,12200
2021-01-06,48174.05859375,48616.66015625,47864.140625,48616.66015625,22500
2021-01-07,48093.3203125,48558.33984375,48037.87109375,48524.359375,18400
2021-01-08,48782.51171875,48854.33984375,48365.578125,48464.91015625,22200
2021-01-11,49269.3203125,49303.7890625,48956.37890625,49252.30859375,21200
2021-01-12,49517.109375,49569.140625,49079.5703125,49228.26171875,12700
2021-01-13,49492.3203125,49795.19140625,49073.8515625,49763.9296875,27200
2021-01-14,49584.16015625,49663.578125,49182.37109375,49432.828125,24500
2021-01-15,49034.671875,49656.7109375,48795.7890625,49656.7109375,14700
2021-01-18,48564.26953125,49122.23046875,48403.96875,49061.21875,16600
2021-01-19,49398.2890625,49499.859375,48805.5390625,48900.30859375,11000
2021-01-20,49792.12109375,49874.421875,49373.6796875,49508.7890625,12200
2021-01-21,49624.76171875,50184.01171875,49398.859375,50096.5703125,19300
2021-01-22,48878.5390625,49676.87890625,48832.078125,49594.94921875,18400
2021-01-25,48347.58984375,49263.1484375,48274.921875,49253.6796875,15500
2021-01-27,47409.9296875,48387.25,47269.6015625,48385.28125,19600
2021-01-28,46874.359375,47172.01953125,46518.48046875,46834.5703125,25000
2021-01-29,46285.76953125,47423.66015625,46160.4609375,47423.46875,14500
2021-02-01,48600.609375,48764.3984375,46433.6484375,46617.94921875,22000
2021-02-02,49797.71875,50154.48046875,49193.26171875,49193.26171875,28400
2021-02-03,50255.75,50526.390625,49515.87890625,50231.05859375,22400
2021-02-04,50614.2890625,50687.51171875,49926.44921875,50212.25,33600
2021-02-05,50731.62890625,51073.26953125,50565.2890625,51031.390625,32200
2021-02-08,51348.76953125,51523.37890625,51146.671875,51146.671875,20600
2021-02-09,51329.078125,51835.859375,51193.9296875,51484.23046875,21200
2021-02-10,51309.390625,51512.859375,50846.21875,51355.890625,16000
2021-02-11,51531.51953125,51592.44921875,51157.30859375,51165.83984375,12100
2021-02-12,51544.30078125,51804.578125,51260.62109375,51614.76953125,15100
2021-02-15,52154.12890625,52235.96875,51886.4609375,51907.75,14700
2021-02-16,52104.171875,52516.76171875,51863.609375,52400.03125,21100
2021-02-17,51703.828125,52078.1484375,51586.33984375,51996.94140625,13600
2021-02-18,51324.69140625,51903.9609375,51186.6796875,51903.9609375,18200
2021-02-19,50889.76171875,51432.98828125,50624.328125,51238.01953125,15000
2021-02-22,49744.3203125,50986.03125,49617.37109375,50910.51171875,16300
2021-02-23,49751.41015625,50327.30859375,49659.8515625,49994.8515625,14900
2021-02-24,50781.69140625,50881.171875,49648.78125,49763.94140625,45900
2021-02-25,51039.30859375,51386.12109375,50991.76171875,51207.609375,33500
2021-02-26,49099.98828125,50400.30859375,48890.48046875,50256.7109375,23100
2021-03-01,49849.83984375,50058.421875,49440.4609375,49747.7109375,18400
2021-03-02,50296.890625,50439.8203125,49807.12109375,50258.08984375,17500
2021-03-03,51444.6484375,51539.890625,50512.83984375,50738.2109375,15800
2021-03-04,50846.078125,51256.55078125,50539.921875,50812.140625,21800
2021-03-05,50405.3203125,50886.19140625,50160.5390625,50517.359375,19200
2021-03-08,50441.0703125,50985.76953125,50318.26171875,50654.01953125,14200
2021-03-09,51025.48046875,51111.94140625,50396.1015625,50714.16015625,12200
2021-03-10,51279.51171875,51430.4296875,51048.9296875,51404.6796875,9300
2021-03-12,50792.078125,51821.83984375,50538.4296875,51660.98046875,12200
2021-03-15,50395.078125,50834.78125,49799.0703125,50773.46875,17600
2021-03-16,50363.9609375,50857.98046875,50289.44140625,50608.421875,100
2021-03-17,49801.62109375,50561.12109375,49718.6484375,50436.01953125,100
2021-03-18,49216.51953125,50296.3515625,48962.359375,50161.25,12600
2021-03-19,49858.23828125,50003.578125,48586.9296875,48881.19140625,17500
2021-03-22,49771.2890625,49878.76953125,49281.01953125,49878.76953125,11600
2021-03-23,50051.44140625,50264.6484375,49661.921875,49876.2109375,13400
2021-03-24,49180.30859375,49854.578125,49120.33984375,49786.46875,9200
2021-03-25,48440.12109375,49247.94921875,48236.3515625,49201.98046875,14300
2021-03-26,49008.5,49234.66015625,48699.91015625,48969.25,10600
2021-03-30,50136.578125,50268.44921875,49331.6796875,49331.6796875,10500
2021-03-31,49509.1484375,50050.3203125,49442.5,50049.12109375,11900
2021-04-01,50029.828125,50092.48046875,49478.53125,49868.53125,8500
2021-04-05,49159.3203125,50028.671875,48580.80078125,50020.91015625,12700
2021-04-06,49201.390625,49582.26171875,48936.3515625,49441.12890625,9600
2021-04-07,49661.76171875,49900.12890625,49093.8984375,49277.08984375,9800
2021-04-08,49746.2109375,50118.078125,49581.609375,49885.26171875,21800
2021-04-09,49591.3203125,49906.91015625,49461.01171875,49743.390625,8900
2021-04-12,47883.37890625,48956.6484375,47693.44140625,48956.6484375,19100
2021-04-13,48544.05859375,48627.4296875,47775.3203125,47991.53125,10000
2021-04-15,48803.6796875,48887.8515625,48010.55078125,48512.76953125,16100
2021-04-16,48832.03125,49089.55078125,48694.48828125,48935.73828125,11900
2021-04-19,47949.421875,48020.7890625,47362.7109375,47940.80859375,10500
2021-04-20,47705.80078125,48478.33984375,47438.5,48473.0390625,11600
2021-04-22,48080.671875,48143.16015625,47204.5,47501.7109375,15800
2021-04-23,47878.44921875,48265.390625,47669.55078125,47863.80859375,11200
2021-04-26,48386.51171875,48667.98046875,48152.23828125,48197.37109375,15200
2021-04-27,48944.140625,49009.26171875,48399.53125,48424.078125,10100
2021-04-28,49733.83984375,49801.48046875,49066.640625,49066.640625,14300
2021-04-29,49765.94140625,50375.76953125,49535.98046875,50093.859375,13200
2021-04-30,48782.359375,49569.421875,48698.078125,49360.890625,19400
2021-05-03,48718.51953125,48863.23046875,48028.0703125,48356.01171875,14700
2021-05-04,48253.51171875,48996.53125,48149.44921875,48881.62890625,13200
2021-05-05,48677.55078125,48742.71875,48254.3203125,48569.12109375,12700
2021-05-06,48949.76171875,49011.30859375,48614.109375,48877.78125,9500
2021-05-10,49502.41015625,49617.46875,49412.05078125,49496.05078125,12200
2021-05-11,49161.80859375,49304.46875,48988.1796875,49066.44921875,15000
2021-05-12,48690.80078125,49171.28125,48550.71875,49171.28125,17400
2021-05-14,48732.55078125,48898.9296875,48473.4296875,48898.9296875,18200
2021-05-17,49580.73046875,49628.421875,48923.12890625,48990.69921875,20600
2021-05-18,50193.328125,50313.25,49959.19921875,49986.6796875,14400
2021-05-19,49902.640625,50279.01171875,49831.3984375,50088.80859375,13300
2021-05-20,49564.859375,50099.171875,49496.78125,49971.51953125,8300
2021-05-21,50540.48046875,50591.12109375,49832.71875,49833.98046875,18100
2021-05-24,50651.8984375,50857.58984375,50465.8984375,50727.28125,16800
2021-05-25,50637.53125,50961.3515625,50474.33984375,50922.3203125,10800
2021-05-26,51017.51953125,51072.609375,50620.44921875,50899.578125,9400
2021-05-27,51115.21875,51282.8984375,50891.66015625,51128.80078125,12300
2021-05-28,51422.87890625,51529.3203125,51258.69140625,51381.26953125,15200
2021-05-31,51937.44140625,52013.21875,51179.94140625,51476.21875,15300
2021-06-01,51934.87890625,52228.6484375,51808.87890625,52067.51171875,13400
2021-06-02,51849.48046875,51913.921875,51450.578125,51749.1015625,13500
2021-06-03,52232.4296875,52273.23046875,51942.19921875,52121.578125,15000
2021-06-04,52100.05078125,52389.01953125,51952.69921875,52367.51953125,16700
2021-06-07,52328.51171875,52378.69140625,52054.76171875,52231.37890625,19800
2021-06-08,52275.5703125,52432.4296875,52135.0390625,52428.71875,12300
2021-06-09,51941.640625,52446.921875,51717.0703125,52401.41015625,15200
2021-06-10,52300.46875,52346.3515625,51957.921875,52143.8984375,8600
2021-06-11,52474.76171875,52641.53125,52388.94921875,52477.19140625,8500
2021-06-14,52551.53125,52590.921875,51936.30859375,52492.33984375,9900
2021-06-15,52773.05078125,52869.51171875,52671.2890625,52751.828125,16300
2021-06-16,52501.98046875,52816.30859375,52425.5703125,52782.2109375,12900
2021-06-17,52323.328125,52523.87890625,52040.51171875,52122.25,8900
2021-06-18,52344.44921875,52586.41015625,51601.109375,52568.0703125,11800
2021-06-21,52574.4609375,52629.1796875,51740.19140625,51887.55078125,12500
2021-06-22,52588.7109375,53057.109375,52520.55078125,52885.0390625,7700
2021-06-23,52306.078125,52912.3515625,52264.12109375,52912.3515625,13600
2021-06-24,52699.0,52830.6796875,52385.05078125,52514.5703125,7900
2021-06-25,52925.0390625,52973.0703125,52614.48828125,52877.16015625,10700
2021-06-28,52735.58984375,53126.73046875,52673.5,53126.73046875,6200
2021-06-29,52549.66015625,52816.421875,52477.76953125,52795.76171875,9200
2021-06-30,52482.7109375,52875.921875,52448.640625,52651.08984375,9500
2021-07-01,52318.6015625,52638.5,52281.01171875,52638.5,5800
2021-07-02,52484.671875,52527.8984375,52177.6796875,52434.55078125,6400
2021-07-05,52880.0,52919.171875,52604.3515625,52682.890625,7600
2021-07-06,52861.1796875,53129.37109375,52804.1796875,52874.8515625,7000
2021-07-07,53054.76171875,53105.41015625,52751.76171875,52919.7109375,8000
2021-07-08,52568.94140625,53103.03125,52428.83984375,53065.69140625,6400
2021-07-09,52386.19140625,52555.73046875,52228.01171875,52508.23828125,6400
2021-07-12,52372.69140625,52700.51171875,52208.9609375,52634.328125,24900
2021-07-13,52769.73046875,52806.859375,52545.6796875,52694.890625,7900
2021-07-14,52904.05078125,52978.578125,52611.96875,52801.44140625,9300
2021-07-15,53158.8515625,53266.12109375,52948.4296875,52968.890625,8100
2021-07-16,53140.05859375,53290.80859375,52997.08984375,53244.3984375,6700
2021-07-19,52553.3984375,52821.171875,52405.890625,52606.98828125,23800
2021-07-20,52198.51171875,52465.03125,52013.51171875,52432.87890625,8000
2021-07-22,52837.2109375,52867.26171875,52471.23046875,52494.55859375,8300
2021-07-23,52975.80078125,53114.69921875,52653.76953125,52967.87109375,12100
2021-07-26,52852.26953125,53103.421875,52783.62890625,52985.26171875,20900
2021-07-27,52578.76171875,53024.69921875,52433.1796875,52995.71875,6300
2021-07-28,52443.7109375,52673.69140625,51802.73046875,52673.69140625,8000
2021-07-29,52653.0703125,52777.1796875,52561.390625,52693.53125,8800
2021-07-30,52586.83984375,52910.23046875,52533.91015625,52792.359375,9900
2021-08-02,52950.62890625,52986.76953125,52804.078125,52901.28125,7900
2021-08-03,53823.359375,53887.98046875,53088.3515625,53125.96875,8100
2021-08-04,54369.76953125,54465.91015625,54034.30859375,54071.21875,14600
2021-08-05,54492.83984375,54717.23828125,54230.890625,54576.640625,15300
2021-08-06,54277.71875,54633.578125,54210.328125,54492.171875,7200
2021-08-09,54402.8515625,54584.73046875,54124.26953125,54385.7109375,11500
2021-08-10,54554.66015625,54779.66015625,54308.76953125,54461.30859375,8700
2021-08-11,54525.9296875,54758.73828125,54167.19921875,54730.6484375,6500
2021-08-12,54843.98046875,54874.1015625,54536.6484375,54641.21875,9300
2021-08-13,55437.2890625,55487.7890625,54905.48828125,54911.94921875,14100
2021-08-16,55582.578125,55680.75,55281.01953125,55479.73828125,6000
2021-08-17,55792.26953125,55854.87890625,55386.48828125,55565.640625,6800
2021-08-18,55629.48828125,56118.5703125,55514.890625,56073.30859375,16100
2021-08-20,55329.3203125,55543.16015625,55013.98046875,55159.12890625,6800
2021-08-23,55555.7890625,55781.171875,55240.2890625,55695.83984375,7500
2021-08-24,55958.98046875,56023.21875,55536.83984375,55647.109375,7600
2021-08-25,55944.2109375,56198.12890625,55899.9609375,56067.05859375,5400
2021-08-26,55949.1015625,56112.390625,55854.0703125,55988.41015625,8300
2021-08-27,56124.71875,56188.23046875,55675.87109375,55862.9296875,6000
2021-08-30,56889.76171875,56958.26953125,56309.859375,56329.25,6600
2021-08-31,57552.390625,57625.26171875,56859.1015625,56995.1484375,11200
2021-09-01,57338.2109375,57918.7109375,57263.8984375,57763.53125,7300
2021-09-02,57852.5390625,57892.37109375,57287.7890625,57423.6484375,5100
2021-09-03,58129.94921875,58194.7890625,57764.0703125,57983.44921875,6100
2021-09-06,58296.91015625,58515.8515625,58200.2890625,58411.62109375,5600
2021-09-07,58279.48046875,58553.0703125,58005.0703125,58418.69140625,7400
2021-09-08,58250.26171875,58372.94140625,57924.48046875,58350.55859375,5300
2021-09-09,58305.0703125,58334.58984375,58084.98828125,58172.98046875,5300
2021-09-13,58177.76171875,58314.640625,57944.62890625,58262.109375,5600
2021-09-14,58247.08984375,58482.62109375,58214.2890625,58482.62109375,6700
2021-09-15,58723.19921875,58777.05859375,58272.8203125,58354.109375,9600
2021-09-16,59141.16015625,59204.2890625,58700.5,58881.0390625,24700
2021-09-17,59015.890625,59737.3203125,58871.73046875,59409.98046875,13100
2021-09-20,58490.9296875,59202.55859375,58389.69140625,58634.69140625,17400
2021-09-21,59005.26953125,59084.51171875,58232.5390625,58630.05859375,9500
2021-09-22,58927.328125,59178.44140625,58878.37890625,59166.1484375,19200
2021-09-23,59885.359375,59957.25,59243.1484375,59358.1796875,44600
2021-09-24,60048.46875,60333.0,59946.55078125,60158.76171875,10900
2021-09-27,60077.87890625,60412.3203125,59887.19140625,60303.7890625,6200
2021-09-28,59667.6015625,60288.44140625,59045.53125,60285.890625,21100
2021-09-29,59413.26953125,59678.66015625,59111.41015625,59296.5390625,16100
2021-09-30,59126.359375,59557.23828125,59019.28125,59549.5703125,8900
2021-10-01,58765.578125,58890.078125,58551.140625,58889.76953125,10200
2021-10-04,59299.3203125,59548.8203125,58952.109375,59143.0,10000
2021-10-05,59744.87890625,59778.87109375,59127.0390625,59320.140625,12900
2021-10-06,59189.73046875,59963.5703125,59079.859375,59942.0,7000
2021-10-07,59677.828125,59914.91015625,59597.05859375,59632.80859375,5700
2021-10-08,60059.05859375,60212.30078125,59830.9296875,59960.390625,5700
2021-10-11,60135.78125,60476.12890625,59811.421875,60099.6796875,42500
2021-10-12,60284.30859375,60331.73828125,59885.390625,60045.75,6500
2021-10-13,60737.05078125,60836.62890625,60452.2890625,60619.91015625,8500
2021-10-14,61305.94921875,61353.25,60978.0390625,61088.8203125,12600
2021-10-18,61765.58984375,61963.0703125,61624.6484375,61817.3203125,11800
2021-10-19,61716.05078125,62245.4296875,61594.2890625,62156.48046875,8600
2021-10-20,61259.9609375,61880.359375,61109.2890625,61800.0703125,48400
2021-10-21,60923.5,61621.19921875,60485.6484375,61557.94140625,7300
2021-10-22,60821.62109375,61420.12890625,60551.1484375,61044.5390625,9400
2021-10-25,60967.05078125,61404.98828125,60449.6796875,61398.75,10500
2021-10-26,61350.26171875,61497.7109375,60791.2890625,60997.8984375,6700
2021-10-27,61143.328125,61576.8515625,60989.390625,61499.69921875,8900
2021-10-28,59984.69921875,61081.0,59777.578125,61081.0,8600
2021-10-29,59306.9296875,60132.80859375,59089.37109375,59857.328125,9000
2021-11-01,60138.4609375,60220.2109375,59355.12109375,59577.48046875,7200
2021-11-02,60029.05859375,60421.140625,59881.75,60360.609375,6000
2021-11-03,59771.921875,60361.8203125,59552.48828125,60275.2109375,8500
2021-11-04,60067.62109375,60207.96875,60011.4609375,60207.96875,1800
2021-11-08,60545.609375,60609.16015625,59779.19140625,60385.76171875,7500
2021-11-09,60433.44921875,60670.46875,60213.640625,60609.71875,6200
2021-11-10,60352.8203125,60506.5,59967.44921875,60295.26171875,7500
2021-11-11,59919.69140625,60293.25,59656.26171875,60291.69921875,6200
2021-11-12,60686.69140625,60750.71875,59997.9609375,60248.0390625,6900
2021-11-15,60718.7109375,61036.55859375,60597.359375,60837.3984375,7100
2021-11-16,60322.37109375,60802.7890625,60199.55859375,60755.37890625,6300
2021-11-17,60008.328125,60426.609375,59944.76953125,60179.9296875,19900
2021-11-18,59636.01171875,60177.51953125,59376.5,59968.75,7800
2021-11-22,58465.890625,59778.37109375,58011.921875,59710.48046875,10600
2021-11-23,58664.328125,58834.94921875,57718.33984375,57983.94921875,12000
2021-11-24,58340.98828125,58968.12109375,58143.44140625,58839.3203125,8800
2021-11-25,58795.08984375,58901.578125,58143.859375,58363.9296875,6800
2021-11-26,57107.1484375,58254.7890625,56993.890625,58254.7890625,8400
2021-11-29,57260.578125,57626.51171875,56382.9296875,57028.0390625,8400
2021-11-30,57064.87109375,58183.76953125,56867.51171875,57272.078125,8100
2021-12-01,57684.7890625,57846.44921875,57346.78125,57365.8515625,11700
2021-12-02,58461.2890625,58513.9296875,57680.41015625,57781.48046875,8100
2021-12-03,57696.4609375,58757.08984375,57640.5703125,58555.578125,8500
2021-12-06,56747.140625,57781.4609375,56687.62109375,57778.01171875,7200
2021-12-07,57633.6484375,57905.62890625,56992.26953125,57125.98046875,10900
2021-12-08,58649.6796875,58702.6484375,58122.26953125,58158.55859375,13400
2021-12-09,58807.12890625,58889.9609375,58340.8515625,58831.41015625,7900
2021-12-10,58786.671875,58859.91015625,58414.76171875,58696.7109375,5600
2021-12-13,58283.421875,59203.37109375,58242.80078125,59103.71875,5900
2021-12-14,58117.08984375,58322.421875,57803.87109375,58059.76171875,6800
2021-12-15,57788.03125,58218.25,57671.609375,58122.0,7600
2021-12-16,57901.140625,58337.19921875,57683.109375,58243.4296875,5200
2021-12-17,57011.73828125,58062.28125,56950.98046875,58021.62890625,8600
2021-12-20,55822.01171875,56538.1484375,55132.6796875,56517.26171875,13300
2021-12-21,56319.01171875,56900.73828125,56047.21875,56320.01953125,7400
2021-12-22,56930.55859375,56989.01171875,56471.03125,56599.46875,6100
2021-12-23,57315.28125,57490.51953125,57146.28125,57251.1484375,6000
2021-12-24,57124.30859375,57623.69140625,56813.421875,57567.109375,6400
2021-12-27,57420.23828125,57512.01171875,56543.078125,56948.328125,5700
2021-12-28,57897.48046875,57952.48046875,57650.2890625,57751.2109375,5500
2021-12-29,57806.48828125,58097.0703125,57684.578125,57892.30859375,5300
2021-12-30,57794.3203125,58010.03125,57578.98828125,57755.3984375,7300
2021-12-31,58253.8203125,58409.30078125,57846.51953125,57849.76171875,7000
2022-01-03,59183.21875,59266.390625,58306.44921875,58310.08984375,8200
2022-01-04,59855.9296875,59937.328125,59084.3984375,59343.7890625,9100
2022-01-05,60223.1484375,60332.71875,59661.37890625,59921.98046875,8600
2022-01-06,59601.83984375,59781.859375,59290.578125,59731.75,6000
2022-01-07,59744.6484375,60130.1796875,59401.44140625,59776.1015625,8300
2022-01-10,60395.62890625,60427.359375,59987.1796875,60070.390625,7600
2022-01-11,60616.890625,60689.25,60281.51953125,60342.69921875,6500
2022-01-12,61150.0390625,61218.19140625,60850.9296875,61014.37109375,6200
2022-01-13,61235.30078125,61348.5703125,60949.80859375,61259.98828125,9300
2022-01-14,61223.03125,61324.58984375,60757.03125,61040.3203125,6900
2022-01-17,61308.91015625,61385.48046875,61107.6015625,61219.640625,7600
2022-01-18,60754.859375,61475.1484375,60662.5703125,61430.76953125,12500
2022-01-19,60098.8203125,60870.171875,59949.21875,60845.58984375,7000
2022-01-20,59464.62109375,60045.48046875,59068.30859375,60045.48046875,11800
2022-01-21,59037.1796875,59329.62890625,58620.9296875,59039.37109375,7600
2022-01-24,57491.51171875,59023.96875,56984.01171875,59023.96875,10800
2022-01-25,57858.1484375,57966.9296875,56409.62890625,57158.62890625,10400
2022-01-27,57276.94140625,57508.609375,56439.359375,57317.37890625,10300
2022-01-28,57200.23046875,58084.328125,57119.28125,57795.109375,13000
2022-01-31,58014.171875,58257.62890625,57746.1484375,57845.91015625,7400
2022-02-01,58862.5703125,59032.19921875,57737.66015625,58672.859375,14000
2022-02-02,59558.328125,59618.51171875,59193.05078125,59293.44140625,8500
2022-02-03,58788.01953125,59557.87109375,58653.94140625,59528.16015625,7100
2022-02-04,58644.8203125,58943.62109375,58446.94921875,58918.6484375,7300
2022-02-07,57621.19140625,58707.76171875,57299.05078125,58549.671875,11500
2022-02-08,57808.578125,57925.8203125,57058.76953125,57799.671875,8900
2022-02-09,58465.96875,58507.609375,58105.1796875,58163.01171875,5900
2022-02-10,58926.03125,59060.23828125,58332.28125,58810.53125,6700
2022-02-11,58152.921875,58447.1484375,57914.1015625,58447.1484375,5700
2022-02-14,56405.83984375,57191.91015625,56295.69921875,56720.3203125,8300
2022-02-15,58142.05078125,58211.37890625,56438.46875,56731.55859375,10000
2022-02-16,57996.6796875,58569.21875,57780.28125,58310.6796875,7300
2022-02-17,57892.01171875,58346.0,57635.4296875,58217.69140625,6400
2022-02-18,57832.96875,58175.3515625,57488.390625,57488.390625,9800
2022-02-21,57683.58984375,58141.9609375,57167.01953125,57551.6484375,6600
2022-02-22,57300.6796875,57505.8515625,56394.8515625,56438.640625,14100
2022-02-23,57232.05859375,57733.37109375,57109.23828125,57632.94140625,6200
2022-02-24,54529.91015625,55996.08984375,54383.19921875,55418.44921875,15600
2022-02-25,55858.51953125,56183.69921875,55299.28125,55321.71875,9900
2022-02-28,56247.28125,56324.5390625,54833.5,55329.4609375,7700
2022-03-02,55468.8984375,55755.08984375,55020.1015625,55629.30078125,12400
2022-03-03,55102.6796875,55996.62109375,54931.48046875,55921.44140625,9900
2022-03-04,54333.80859375,55013.26953125,53887.71875,54653.58984375,11000
2022-03-07,52842.75,53203.87109375,52367.1015625,53172.51171875,17100
2022-03-08,53424.08984375,53484.26171875,52260.8203125,52430.05859375,16300
2022-03-09,54647.328125,54893.73046875,53367.51953125,53793.98828125,14100
2022-03-10,55464.390625,56242.46875,54982.8203125,56242.46875,9800
2022-03-11,55550.30078125,55833.94921875,55049.94921875,55218.78125,9700
2022-03-14,56486.01953125,56545.828125,55556.46875,55614.3984375,9100
2022-03-15,55776.8515625,56720.6015625,55418.94921875,56663.87109375,8100
2022-03-16,56816.6484375,56860.890625,56389.26171875,56555.328125,6900
2022-03-17,57863.9296875,58095.83984375,57518.05859375,57620.28125,7200
2022-03-21,57292.48828125,58127.94921875,57229.078125,58030.41015625,6400
2022-03-22,57989.30078125,58052.87109375,56930.30078125,57297.5703125,7800
2022-03-23,57684.8203125,58416.55859375,57568.58984375,58198.640625,9100
2022-03-24,57595.6796875,57827.98828125,57138.51171875,57190.05078125,51400
2022-03-25,57362.19921875,57845.37109375,57100.23828125,57801.71875,6900
2022-03-28,57593.48828125,57638.33984375,56825.08984375,57472.71875,6300
2022-03-29,57943.6484375,58001.53125,57639.3515625,57814.76171875,12100
2022-03-30,58683.98828125,58727.78125,58176.0,58362.8515625,6300
2022-03-31,58568.51171875,58890.921875,58485.7890625,58779.7109375,4400
2022-04-01,59276.69140625,59396.62109375,58450.0390625,58530.73046875,6400
2022-04-04,60611.73828125,60845.1015625,59760.21875,59764.12890625,12600
2022-04-05,60176.5,60786.0703125,60067.1796875,60786.0703125,6800
2022-04-06,59610.41015625,59941.5703125,59509.83984375,59815.7109375,10600
2022-04-07,59034.94921875,59504.921875,58977.3515625,59402.609375,8300
2022-04-08,59447.1796875,59654.44140625,58876.359375,59256.96875,8400
2022-04-11,58964.5703125,59355.76171875,58894.3984375,59333.1796875,9000
2022-04-12,58576.37109375,58794.78125,58298.5703125,58743.5,7500
2022-04-13,58338.9296875,59003.8203125,58291.23046875,58910.73828125,6600
2022-04-18,57166.73828125,57420.80078125,56842.390625,57338.578125,13500
2022-04-19,56463.1484375,57464.078125,56009.0703125,57381.76953125,13500
2022-04-20,57037.5,57216.51171875,56521.328125,56741.4296875,7600
2022-04-21,57911.6796875,57991.53125,57311.859375,57458.6015625,8000
2022-04-22,57197.1484375,57689.859375,57134.71875,57531.94921875,7600
2022-04-25,56579.890625,56875.6484375,56356.87109375,56757.640625,7000
2022-04-26,57356.609375,57442.23828125,56904.51171875,57066.23828125,7300
2022-04-27,56819.390625,57079.03125,56584.0390625,56983.6796875,6600
2022-04-28,57521.05859375,57790.8515625,56936.94140625,57296.30859375,100
2022-04-29,57060.87109375,57975.48046875,56902.30078125,57817.51171875,9500
2022-05-02,56975.98828125,57054.23046875,56412.62109375,56429.44921875,7900
2022-05-04,55669.03125,57184.2109375,55501.6015625,57124.91015625,50700
2022-05-05,55702.23046875,56566.80078125,55613.8203125,56255.0703125,8200
2022-05-06,54835.578125,55070.12109375,54586.75,54928.2890625,8000
2022-05-09,54470.671875,54795.46875,53918.01953125,54188.2109375,9300
2022-05-10,54364.8515625,54857.01953125,54226.328125,54309.30859375,8000
2022-05-11,54088.390625,54598.55078125,53519.30078125,54544.91015625,7200
2022-05-12,52930.30859375,53632.55078125,52702.30078125,53608.3515625,6900
2022-05-13,52793.62109375,53785.7109375,52654.890625,53565.73828125,9300
2022-05-16,52973.83984375,53428.28125,52632.48046875,52946.3203125,4800
2022-05-17,54318.46875,54399.421875,53176.01953125,53285.19140625,7400
2022-05-18,54208.53125,54786.0,54130.890625,54554.890625,5800
2022-05-19,52792.23046875,53356.0390625,52669.51171875,53070.30078125,9100
2022-05-20,54326.390625,54396.4296875,53403.2890625,53513.96875,7600
2022-05-23,54288.609375,54931.30078125,54191.55078125,54459.94921875,7100
2022-05-24,54052.609375,54524.37109375,53886.28125,54307.55859375,5600
2022-05-25,53749.26171875,54379.58984375,53683.16015625,54254.0703125,6200
2022-05-26,54252.53125,54346.21875,53425.25,53950.83984375,7500
2022-05-27,54884.66015625,54936.62890625,54449.33984375,54671.5,7000
2022-05-30,55925.73828125,56082.6484375,55466.30078125,55507.75,5900
2022-05-31,55566.41015625,55925.62109375,55369.140625,55622.01171875,8300
2022-06-01,55381.171875,55791.48828125,55091.4296875,55588.26953125,7300
2022-06-02,55818.109375,55891.921875,55135.109375,55382.44140625,5900
2022-06-03,55769.23046875,56432.6484375,55719.359375,56245.6015625,5900
2022-06-06,55675.3203125,55832.28125,55295.73828125,55610.640625,4300
2022-06-07,55107.33984375,55387.76953125,54882.41015625,55373.1796875,3600
2022-06-08,54892.48828125,55423.96875,54683.30078125,55345.51171875,6000
2022-06-09,55320.28125,55366.83984375,54507.41015625,54514.171875,6000
2022-06-10,54303.44140625,54780.78125,54205.98828125,54760.25,4800
2022-06-13,52846.69921875,53207.5390625,52527.078125,53184.609375,7500
2022-06-14,52693.5703125,53095.3203125,52459.48046875,52495.94140625,6900
2022-06-15,52541.390625,52867.73046875,52493.359375,52650.41015625,5900
2022-06-16,51495.7890625,53142.5,51425.48046875,53018.91015625,9200
2022-06-17,51360.421875,51652.828125,50921.21875,51181.98828125,8300
2022-06-20,51597.83984375,51714.609375,51062.9296875,51470.03125,7000
2022-06-21,52532.0703125,52799.3984375,51808.76171875,51897.6015625,5100
2022-06-22,51822.53125,52272.8515625,51739.98046875,52186.359375,5800
2022-06-23,52265.71875,52516.7890625,51632.8515625,51972.75,5600
2022-06-24,52727.98046875,52909.87109375,52447.25,52654.23828125,5000
2022-06-27,53161.28125,53509.5,53120.7890625,53468.890625,5300
2022-06-28,53177.44921875,53301.3984375,52771.53125,52846.26171875,5500
2022-06-29,53026.96875,53244.83984375,52612.6796875,52623.1484375,5200
2022-06-30,53018.94140625,53377.5390625,52883.25,52897.16015625,5600
2022-07-01,52907.9296875,53053.0390625,52094.25,52863.33984375,7200
2022-07-04,53234.76953125,53301.98828125,52674.80859375,52851.671875,7000
2022-07-05,53134.3515625,53865.9296875,53054.30078125,53501.2109375,6800
2022-07-06,53750.96875,53819.30859375,53143.28125,53170.69921875,14800
2022-07-07,54178.4609375,54254.7890625,53927.26171875,54146.6796875,7500
2022-07-08,54481.83984375,54627.140625,54278.76953125,54574.4296875,7500
2022-07-11,54395.23046875,54527.8984375,54090.53125,54248.6015625,6100
2022-07-12,53886.609375,54236.48828125,53824.96875,54219.78125,6300
2022-07-13,53514.1484375,54211.21875,53455.26171875,54210.1015625,5700
2022-07-14,53416.1484375,53861.28125,53163.76953125,53688.62109375,4700
2022-07-15,53760.78125,53811.37109375,53361.62109375,53637.87890625,5600
2022-07-18,54521.1484375,54556.66015625,54034.96875,54069.30078125,63800
2022-07-19,54767.62109375,54817.51953125,54232.8203125,54251.87890625,6900
2022-07-20,55397.53125,55630.26171875,55298.23046875,55486.12109375,6800
2022-07-21,55681.94921875,55738.48828125,55270.75,55391.9296875,6700
2022-07-22,56072.23046875,56186.05078125,55685.44921875,55800.83984375,6500
2022-07-25,55766.21875,56018.08984375,55537.078125,55877.5,6100
2022-07-26,55268.48828125,55834.37890625,55203.4296875,55834.37890625,4900
2022-07-27,55816.3203125,55853.08984375,55157.98828125,55258.2890625,3800
2022-07-28,56857.7890625,56914.21875,56236.44921875,56267.55078125,13900
2022-07-29,57570.25,57619.26953125,57104.80859375,57258.12890625,16800
2022-08-01,58115.5,58170.671875,57540.359375,57823.1015625,72600
2022-08-02,58136.359375,58328.41015625,57744.69921875,58049.01953125,15500
2022-08-03,58350.53125,58415.62890625,57788.78125,58174.109375,7200
2022-08-04,58298.80078125,58712.66015625,57577.05078125,58571.28125,8900
2022-08-05,58387.9296875,58649.19140625,58244.859375,58421.0390625,9300
2022-08-08,58853.0703125,58934.8984375,58266.6484375,58417.7109375,9800
2022-08-10,58817.2890625,58984.3203125,58583.359375,58977.33984375,9800
2022-08-11,59332.6015625,59484.98828125,59251.140625,59320.44921875,10700
2022-08-12,59462.78125,59538.078125,59113.01171875,59235.98046875,14200
2022-08-16,59842.2109375,59923.03125,59673.9609375,59675.12109375,0
2022-08-17,60260.12890625,60323.25,59857.80078125,59938.05078125,9700
2022-08-18,60298.0,60341.41015625,59946.44140625,60080.19140625,10900
2022-08-19,59646.1484375,60411.19921875,59474.5703125,60351.23046875,11700
2022-08-22,58773.87109375,59402.5,58705.109375,59361.078125,10600
2022-08-23,59031.30078125,59199.109375,58172.48046875,58205.96875,13000
2022-08-24,59085.4296875,59170.87109375,58760.08984375,58853.3203125,11800
2022-08-25,58774.71875,59484.3515625,58666.41015625,59315.98046875,9700
2022-08-26,58833.87109375,59321.6484375,58722.69140625,59050.671875,9000
2022-08-29,57972.62109375,58208.30078125,57367.46875,57367.46875,14500
2022-08-30,59537.0703125,59599.78125,58245.48828125,58259.8515625,12800
2022-09-01,58766.58984375,59309.7890625,58522.5703125,58710.53125,19200
2022-09-02,58803.328125,59108.66015625,58558.640625,58969.01953125,10700
2022-09-05,59245.98046875,59308.25,58812.19921875,58814.078125,12900
2022-09-06,59196.98828125,59566.671875,58974.26171875,59285.359375,13800
2022-09-07,59028.91015625,59166.4609375,58722.890625,58789.26171875,9000
2022-09-08,59688.21875,59711.9609375,59315.7109375,59374.98828125,12100
2022-09-09,59793.140625,60119.80078125,59634.390625,60045.75,13100
2022-09-12,60115.12890625,60284.55078125,59912.2890625,59912.2890625,14300
2022-09-13,60571.078125,60635.28125,60381.01953125,60408.2890625,8500
2022-09-14,60346.96875,60649.0390625,59417.12109375,59417.12109375,19700
2022-09-15,59934.01171875,60676.12109375,59865.75,60454.37109375,10300
2022-09-16,58840.7890625,59720.55859375,58687.171875,59585.71875,13500
2022-09-19,59141.23046875,59277.55078125,58487.76171875,58747.30859375,58000
2022-09-20,59719.73828125,60105.7890625,59556.91015625,59556.91015625,10400
2022-09-21,59456.78125,59799.0390625,59275.3984375,59504.140625,8600
2022-09-22,59119.71875,59457.578125,58832.78125,59073.83984375,10000
2022-09-23,58098.921875,59143.3203125,57981.94921875,59005.1796875,14900
2022-09-26,57145.21875,57708.37890625,57038.23828125,57525.03125,17900
2022-09-27,57107.51953125,57704.5703125,56950.51953125,57376.51953125,13900
2022-09-28,56598.28125,57213.328125,56485.671875,56710.12890625,26800
2022-09-29,56409.9609375,57166.140625,56314.05078125,56997.8984375,11400
2022-09-30,57426.921875,57722.62890625,56147.23046875,56240.1484375,12300
2022-10-03,56788.80859375,57454.83984375,56683.3984375,57403.921875,8100
2022-10-04,58065.46875,58099.94140625,57506.6484375,57506.6484375,6400
2022-10-06,58222.1015625,58578.76171875,58173.69921875,58314.05078125,9600
2022-10-07,58191.2890625,58269.33984375,57851.1484375,58092.55859375,7300
2022-10-10,57991.109375,58125.01171875,57365.6796875,57424.0703125,6800
2022-10-11,57147.3203125,58027.51953125,57050.3984375,58004.25,52700
2022-10-12,57625.91015625,57687.640625,57085.921875,57312.48828125,7600
2022-10-13,57235.328125,57568.140625,57055.75,57512.73828125,9500
2022-10-14,57919.96875,58435.12109375,57848.23046875,58162.73828125,9400
2022-10-17,58410.98046875,58449.0,57639.80078125,57752.5,53500
2022-10-18,58960.6015625,59143.66015625,58744.12890625,58744.12890625,8600
2022-10-19,59107.19140625,59399.69140625,58961.76953125,59196.9609375,6800
2022-10-20,59202.8984375,59273.8515625,58791.28125,58824.48046875,8600
2022-10-21,59307.1484375,59590.9296875,59132.94140625,59381.359375,10800
2022-10-24,59831.66015625,59994.25,59776.66015625,59804.01953125,2100
2022-10-25,59543.9609375,60081.23828125,59489.01953125,60002.9609375,14900
2022-10-27,59756.83984375,59959.94140625,59496.80078125,59792.3203125,9500
2022-10-28,59959.8515625,60133.171875,59739.05078125,59746.80078125,10000
2022-10-31,60746.58984375,60786.69921875,60246.9609375,60246.9609375,8000
2022-11-01,61121.3515625,61289.73046875,60868.69140625,61065.578125,58200
2022-11-02,60906.08984375,61209.6484375,60794.390625,61156.890625,10800
2022-11-03,60836.41015625,60994.37109375,60485.140625,60511.5703125,25000
2022-11-04,60950.359375,61004.48828125,60666.01171875,60698.26953125,13600
2022-11-07,61185.1484375,61401.5390625,60714.359375,61188.12890625,17000
2022-11-09,61033.55078125,61447.23046875,60905.1484375,61304.2890625,9100
2022-11-10,60613.69921875,60848.73046875,60425.46875,60524.26953125,10200
2022-11-11,61795.0390625,61840.96875,61311.01953125,61311.01953125,14400
2022-11-14,61624.1484375,61916.23828125,61572.03125,61765.859375,20600
2022-11-15,61872.98828125,61955.9609375,61436.8984375,61630.05078125,11400
2022-11-16,61980.71875,62052.5703125,61708.62890625,61708.62890625,6600
2022-11-17,61750.6015625,62050.80078125,61643.26953125,61812.359375,9100
2022-11-18,61663.48046875,61929.87890625,61337.4296875,61858.19921875,10600
2022-11-21,61144.83984375,61456.328125,61059.328125,61456.328125,7900
2022-11-22,61418.9609375,61466.62890625,61073.6796875,61126.55859375,9700
2022-11-23,61510.578125,61780.8984375,61442.69140625,61779.7109375,9800
2022-11-24,62272.6796875,62412.328125,61600.421875,61656.0,7700
2022-11-25,62293.640625,62447.73046875,62115.66015625,62327.87890625,7100
2022-11-28,62504.80078125,62701.3984375,61959.73828125,62016.3515625,7000
2022-11-29,62681.83984375,62887.3984375,62362.078125,62362.078125,11200
2022-11-30,63099.6484375,63303.01171875,62648.37890625,62743.46875,8900
2022-12-01,63284.19140625,63583.0703125,63183.76953125,63357.98828125,17300
2022-12-02,62868.5,63148.58984375,62679.62890625,62978.578125,6400
2022-12-05,62834.6015625,62939.62890625,62507.87890625,62865.28125,13100
2022-12-06,62626.359375,62677.83984375,62390.0703125,62395.55078125,6100
2022-12-07,62410.6796875,62759.96875,62316.6484375,62615.51953125,4800
2022-12-08,62570.6796875,62633.55859375,62320.1796875,62504.0390625,13700
2022-12-09,62181.671875,62735.421875,61889.109375,62690.859375,7300
2022-12-12,62130.5703125,62239.421875,61676.1484375,61770.55859375,7000
2022-12-13,62533.30078125,62567.921875,62129.5703125,62300.671875,12000
2022-12-14,62677.91015625,62835.109375,62591.28125,62685.94140625,5700
2022-12-15,61799.03125,62624.80859375,61715.609375,62530.0703125,5600
2022-12-16,61337.80859375,61893.21875,61292.53125,61534.23828125,7000
2022-12-19,61806.19140625,61844.921875,61265.30859375,61405.80078125,4800
2022-12-20,61702.2890625,61780.37109375,61102.6796875,61608.8515625,4500
2022-12-21,61067.23828125,62006.4609375,60938.37890625,61993.7109375,6600
2022-12-22,60826.21875,61464.37890625,60637.23828125,61257.171875,9100
2022-12-23,59845.2890625,60546.87890625,59765.55859375,60205.55859375,8100
2022-12-26,60566.421875,60833.78125,59754.1015625,59755.078125,6500
2022-12-27,60927.4296875,60986.6796875,60405.66015625,60861.41015625,11100
2022-12-28,60910.28125,61075.328125,60713.76953125,60811.51953125,10000
2022-12-29,61133.87890625,61210.6484375,60479.05859375,60628.2890625,7900
2022-12-30,60840.73828125,61392.6796875,60743.7109375,61329.16015625,8000
2023-01-02,61167.7890625,61222.7890625,60764.62890625,60871.23828125,18500
2023-01-03,61294.19921875,61343.9609375,61004.0390625,61074.87890625,6700
2023-01-04,60657.44921875,61327.2109375,60593.55859375,61294.6484375,7900
2023-01-05,60353.26953125,60877.05859375,60049.83984375,60847.5,8900
2023-01-06,59900.37109375,60537.62890625,59669.91015625,60388.73828125,8600
2023-01-09,60747.30859375,60889.41015625,60109.94140625,60147.0703125,8000
2023-01-10,60115.48046875,60809.6484375,59938.37890625,60805.140625,8500
2023-01-11,60105.5,60364.76953125,59805.78125,60134.55859375,9700
2023-01-12,59958.03125,60290.3515625,59632.3203125,60083.03125,6100
2023-01-13,60261.1796875,60418.26171875,59628.4296875,60044.9609375,7200
2023-01-16,60092.96875,60586.76953125,59963.828125,60550.5,6500
2023-01-17,60655.71875,60704.48046875,60072.33984375,60142.078125,6600
2023-01-18,61045.73828125,61110.25,60569.19140625,60716.03125,6900
2023-01-19,60858.4296875,61032.46875,60716.55078125,60920.01953125,8500
2023-01-20,60621.76953125,61001.1796875,60585.25,60901.16015625,6300
2023-01-23,60941.671875,61113.26953125,60761.87890625,60876.01171875,6600
2023-01-24,60978.75,61266.05859375,60849.12109375,61122.19921875,9500
2023-01-25,60205.05859375,60899.2109375,60081.359375,60834.73046875,8100
2023-01-27,59330.8984375,60166.8984375,58974.69921875,60166.8984375,12900
2023-01-30,59500.41015625,59644.23828125,58699.19921875,59101.69140625,11500
2023-01-31,59549.8984375,59787.62890625,59104.58984375,59770.828125,9000
2023-02-01,59708.078125,60773.44140625,58816.83984375,60001.171875,25300
2023-02-02,59932.23828125,60007.671875,59215.62109375,59459.87109375,10400
2023-02-03,60841.87890625,60905.33984375,60013.05859375,60350.01171875,9100
2023-02-06,60506.8984375,60847.2109375,60345.609375,60847.2109375,7500
2023-02-07,60286.0390625,60655.140625,60063.48828125,60511.3203125,13600
2023-02-08,60663.7890625,60792.1015625,60324.921875,60332.98828125,13300
2023-02-09,60806.21875,60863.62890625,60472.80859375,60715.890625,8500
2023-02-10,60682.69921875,60774.140625,60501.73828125,60706.80859375,5300
2023-02-13,60431.83984375,60740.94921875,60245.05078125,60652.8203125,5800
2023-02-14,61032.26171875,61102.73828125,60550.25,60550.25,7000
2023-02-15,61275.08984375,61352.55078125,60750.3203125,60990.05078125,5700
2023-02-16,61319.51171875,61682.25,61196.71875,61566.21875,6900
2023-02-17,61002.5703125,61302.71875,60810.671875,60993.5390625,8100
2023-02-20,60691.5390625,61290.19140625,60607.01953125,61112.83984375,6100
2023-02-21,60672.71875,60976.58984375,60583.71875,60770.4296875,5100
2023-02-22,59744.98046875,60462.8984375,59681.55078125,60391.859375,8100
2023-02-23,59605.80078125,59960.0390625,59406.30859375,59777.640625,7100
2023-02-24,59463.9296875,59908.76953125,59325.33984375,59859.48046875,5300
2023-02-27,59288.3515625,59441.12890625,58937.640625,59331.30859375,7500
2023-02-28,58962.12109375,59483.71875,58795.96875,59346.609375,6900
2023-03-01,59411.078125,59475.44921875,59109.5390625,59136.48046875,5900
2023-03-02,58909.3515625,59423.7890625,58866.26171875,59287.1796875,5200
2023-03-03,59808.96875,59967.0390625,59231.578125,59241.19921875,9200
2023-03-06,60224.4609375,60498.48046875,60005.6484375,60007.0390625,5900
2023-03-08,60348.08984375,60402.8515625,59844.8203125,59916.1015625,6500
2023-03-09,59806.28125,60467.08984375,59750.53125,60467.08984375,7700
2023-03-10,59135.12890625,59262.46875,58884.98046875,59259.828125,6300
2023-03-13,58237.8515625,59510.921875,58094.55078125,59033.76953125,8000
2023-03-14,57900.19140625,58490.98046875,57721.16015625,58168.75,10200
2023-03-15,57555.8984375,58473.62890625,57455.671875,58268.5390625,7600
2023-03-16,57634.83984375,57887.4609375,57158.69140625,57510.80078125,7900
2023-03-17,57989.8984375,58178.94140625,57503.8984375,58038.171875,6300
2023-03-20,57628.94921875,57829.23046875,57084.91015625,57773.55078125,6500
2023-03-21,58074.6796875,58133.328125,57730.08984375,57963.26953125,5500
2023-03-22,58214.58984375,58418.78125,58063.5,58245.26171875,0
2023-03-23,57925.28125,58396.171875,57838.8515625,58061.41015625,5100
2023-03-24,57527.1015625,58066.3984375,57422.98046875,57890.66015625,6400
2023-03-27,57653.859375,58019.55078125,57415.01953125,57566.8984375,6000
2023-03-28,57613.71875,57949.44921875,57494.91015625,57751.5,4500
2023-03-29,57960.08984375,58124.19921875,57524.3203125,57572.078125,5900
2023-03-31,58991.51953125,59068.46875,58273.859375,58273.859375,6500
2023-04-03,59106.44140625,59204.8203125,58793.078125,59131.16015625,4300
2023-04-05,59689.30859375,59747.12109375,59094.3984375,59094.7109375,5000
2023-04-06,59832.96875,59950.05859375,59520.12109375,59627.01171875,4700
2023-04-10,59846.51171875,60109.109375,59766.23046875,59858.98046875,11000
2023-04-11,60157.71875,60267.6796875,59919.87890625,60028.6015625,6900
2023-04-12,60392.76953125,60437.640625,60094.69140625,60180.19921875,5900
2023-04-13,60431.0,60486.91015625,60081.4296875,60364.41015625,6600
2023-04-17,59910.75,60407.859375,59442.46875,60385.8984375,15200
2023-04-18,59727.01171875,60113.46875,59579.30078125,59991.26171875,7300
2023-04-19,59567.80078125,59745.890625,59452.71875,59745.890625,7800
2023-04-20,59632.3515625,59836.7890625,59489.98046875,59586.609375,6600
2023-04-21,59655.05859375,59781.359375,59412.80859375,59538.7890625,5700
2023-04-24,60056.1015625,60101.640625,59620.109375,59873.7109375,6600
2023-04-25,60130.7109375,60268.671875,59967.01953125,60202.76953125,6500
2023-04-26,60300.578125,60362.7890625,59954.91015625,60087.98046875,4500
2023-04-27,60649.37890625,60698.30859375,60271.48828125,60315.55859375,5500
2023-04-28,61112.44140625,61209.4609375,60507.828125,60721.609375,7200
2023-05-02,61354.7109375,61486.23828125,61255.0,61301.609375,6700
2023-05-03,61193.30078125,61274.9609375,61024.44140625,61274.9609375,6100
2023-05-04,61749.25,61797.91015625,61119.55859375,61258.12890625,8100
2023-05-05,61054.2890625,61585.5,61002.171875,61163.1015625,5600
2023-05-08,61764.25,61854.19140625,61166.08984375,61166.08984375,7900
2023-05-09,61761.328125,62027.51171875,61654.94140625,61879.6796875,6900
2023-05-10,61940.19921875,61974.3515625,61572.9296875,61843.359375,4800
2023-05-11,61904.51953125,62168.21875,61823.0703125,62158.1015625,6100
2023-05-12,62027.8984375,62110.9296875,61578.1484375,61857.69140625,7000
2023-05-15,62345.7109375,62562.671875,61950.30078125,62157.1015625,6900
2023-05-16,61932.46875,62475.94921875,61847.41015625,62474.109375,5900
2023-05-17,61560.640625,61979.94140625,61340.1015625,61932.3203125,6700
2023-05-18,61431.73828125,61955.8984375,61349.33984375,61937.859375,8200
2023-05-19,61729.6796875,61784.609375,61251.69921875,61556.25,6100
2023-05-22,61963.6796875,62044.4609375,61579.78125,61579.78125,5600
2023-05-23,61981.7890625,62245.19140625,61914.3984375,62098.16015625,8400
2023-05-24,61773.78125,62154.140625,61708.1015625,61834.28125,5900
2023-05-25,61872.62109375,61934.01171875,61484.66015625,61706.12890625,8400
2023-05-26,62501.69140625,62529.828125,61911.609375,61985.359375,9200
2023-05-29,62846.37890625,63026.0,62801.5390625,62801.5390625,9600
2023-05-30,62969.12890625,63036.12109375,62737.3984375,62839.8515625,7800
2023-05-31,62622.23828125,62876.76953125,62401.01953125,62839.96875,7300
2023-06-01,62428.5390625,62762.41015625,62359.140625,62736.46875,8000
2023-06-02,62547.109375,62719.83984375,62379.859375,62601.96875,6300
2023-06-05,62787.46875,62943.19921875,62751.71875,62759.19140625,6100
2023-06-06,62792.87890625,62867.94921875,62554.2109375,62738.3515625,8100
2023-06-07,63142.9609375,63196.4296875,62841.94921875,62917.390625,6900
2023-06-08,62848.640625,63321.3984375,62789.73046875,63140.171875,11000
2023-06-09,62625.62890625,62992.16015625,62594.73828125,62810.6796875,41400
2023-06-12,62724.7109375,62804.890625,62615.19921875,62659.98046875,4900
2023-06-13,63143.16015625,63177.46875,62777.0390625,62779.140625,5500
2023-06-14,63228.51171875,63274.03125,63013.51171875,63115.48046875,11900
2023-06-15,62917.62890625,63310.9609375,62871.078125,63153.78125,6700
2023-06-16,63384.578125,63520.359375,62957.171875,62960.73046875,5500
2023-06-19,63168.30078125,63574.69140625,63047.828125,63474.2109375,1400
2023-06-20,63327.69921875,63440.19140625,62801.91015625,63176.76953125,5000
2023-06-21,63523.1484375,63588.30859375,63315.62109375,63467.4609375,10600
2023-06-22,63238.890625,63601.7109375,63200.62890625,63601.7109375,7300
2023-06-23,62979.37109375,63240.62890625,62874.12109375,63124.28125,7300
2023-06-26,62970.0,63136.08984375,62853.671875,62946.5,4400
2023-06-27,63416.03125,63467.5390625,63054.83984375,63151.8515625,4800
2023-06-28,63915.421875,64050.44140625,63554.8203125,63701.78125,6300
2023-06-30,64718.55859375,64768.578125,64068.44140625,64068.44140625,29700
2023-07-03,65205.05078125,65300.3515625,64836.16015625,64836.16015625,8800
2023-07-04,65479.05078125,65672.96875,65171.05859375,65503.8515625,6600
2023-07-05,65446.0390625,65584.328125,65256.48828125,65493.6796875,7400
2023-07-06,65785.640625,65832.9765625,65328.2890625,65391.87890625,8600
2023-07-07,65280.44921875,65898.9765625,65175.73828125,65559.40625,14300
2023-07-10,65344.171875,65633.4921875,65246.3984375,65482.328125,14400
2023-07-11,65617.84375,65870.59375,65517.5703125,65598.6484375,9800
2023-07-12,65393.8984375,65811.640625,65320.25,65759.28125,7400
2023-07-13,65558.890625,66064.2109375,65452.1484375,65667.0703125,9500
2023-07-14,66060.8984375,66159.7890625,65610.8203125,65775.4921875,10800
2023-07-17,66589.9296875,66656.2109375,66015.6328125,66148.1796875,9200
2023-07-18,66795.140625,67007.0234375,66574.46875,66828.9609375,8200
2023-07-19,67097.4375,67171.3828125,66703.609375,66905.0078125,8500
2023-07-20,67571.8984375,67619.171875,66831.3828125,67074.34375,8300
2023-07-21,66684.2578125,67190.5234375,66533.7421875,66907.0703125,13200
2023-07-24,66384.78125,66808.5625,66326.25,66629.140625,8600
2023-07-25,66355.7109375,66559.2890625,66177.6171875,66531.203125,11100
2023-07-26,66707.203125,66897.2734375,66431.34375,66434.71875,10500
2023-07-27,66266.8203125,66984.171875,66060.7421875,66834.1171875,8400
2023-07-28,66160.203125,66351.21875,65878.6484375,66266.3515625,12300
2023-07-31,66527.671875,66598.421875,65998.8984375,66156.390625,7900
2023-08-01,66459.3125,66658.1171875,66388.2578125,66532.9765625,10500
2023-08-02,65782.78125,66261.96875,65431.6796875,66064.40625,7500
2023-08-03,65240.6796875,65820.8203125,64963.078125,65550.8203125,9300
2023-08-04,65721.25,65799.2734375,65387.1796875,65453.55078125,12500
2023-08-07,65953.4765625,66067.8984375,65748.25,65811.3984375,7100
2023-08-08,65846.5,66057.53125,65752.6328125,66048.8125,6300
2023-08-09,65995.8125,66066.0078125,65444.37890625,65810.9609375,6600
2023-08-10,65688.1796875,65956.25,65509.140625,65945.390625,6000
2023-08-11,65322.6484375,65727.796875,65274.609375,65727.796875,7600
2023-08-14,65401.921875,65517.8203125,64821.87890625,65153.01953125,7600
2023-08-16,65539.421875,65605.7421875,65032.890625,65238.671875,0
2023-08-17,65151.01953125,65535.140625,65046.1015625,65503.8515625,6400
2023-08-18,64948.66015625,65175.3203125,64754.71875,65025.7109375,14300
2023-08-21,65216.08984375,65335.8203125,64852.69921875,64852.69921875,9300
2023-08-22,65220.03125,65362.91015625,65165.44921875,65272.421875,5400
2023-08-23,65433.30078125,65504.7109375,65108.51171875,65300.9296875,7100
2023-08-24,65252.33984375,65913.7734375,65181.94140625,65722.5078125,5900
2023-08-25,64886.51171875,65106.0,64732.5703125,65000.671875,51700
2023-08-28,64996.6015625,65213.44921875,64776.921875,64908.078125,20800
2023-08-29,65075.8203125,65229.03125,64956.671875,65201.3515625,48500
2023-08-30,65087.25,65458.69921875,65052.73828125,65311.578125,17700
2023-08-31,64831.41015625,65277.0390625,64723.62890625,65178.328125,48600
2023-09-01,65387.16015625,65473.26953125,64818.37109375,64855.51171875,21600
2023-09-04,65628.140625,65683.90625,65285.55859375,65525.91015625,13700
2023-09-05,65780.2578125,65831.703125,65601.46875,65671.6015625,6600
2023-09-06,65880.5234375,65971.1328125,65488.03125,65744.1875,6100
2023-09-07,66265.5625,66296.8984375,65672.34375,65854.25,6200
2023-09-08,66598.90625,66766.921875,66299.296875,66381.4296875,11500
2023-09-11,67127.078125,67172.1328125,66735.84375,66807.7265625,9300
2023-09-12,67221.1328125,67539.1015625,66948.1796875,67506.8828125,8700
2023-09-13,67466.9921875,67565.40625,67053.359375,67188.640625,6200
2023-09-14,67519.0,67771.046875,67336.4609375,67627.03125,8100
2023-09-15,67838.6328125,67927.2265625,67614.421875,67659.90625,6800
2023-09-18,67596.84375,67803.1484375,67532.828125,67665.578125,10300
2023-09-20,66800.84375,67294.15625,66728.140625,67080.1796875,13400
2023-09-21,66230.2421875,66608.671875,66128.7109375,66608.671875,8400
2023-09-22,66009.1484375,66445.46875,65952.828125,66215.0390625,8300
2023-09-25,66023.6875,66225.6328125,65764.03125,66082.9921875,6800
2023-09-26,65945.46875,66078.2578125,65865.6328125,66071.6328125,6500
2023-09-27,66118.6875,66172.2734375,65549.9609375,65925.640625,5400
2023-09-28,65508.3203125,66406.0078125,65423.390625,66406.0078125,7800
2023-09-29,65828.40625,66151.6484375,65570.3828125,65743.9296875,8400
2023-10-03,65512.1015625,65813.5,65344.58984375,65813.421875,8600
2023-10-04,65226.0390625,65332.51953125,64878.76953125,65330.6484375,8600
2023-10-05,65631.5703125,65753.203125,65443.33984375,65598.2578125,8000
2023-10-06,65995.6328125,66095.8125,65762.328125,65867.5390625,10200
2023-10-09,65512.390625,65789.9765625,65434.609375,65560.0703125,7300
2023-10-10,66079.359375,66180.171875,65662.2734375,65662.2734375,5100
2023-10-11,66473.046875,66592.15625,66299.7890625,66376.421875,16800
2023-10-12,66408.390625,66577.6015625,66339.421875,66564.5703125,7100
2023-10-13,66282.7421875,66478.8984375,65895.40625,66034.2109375,13400
2023-10-16,66166.9296875,66342.75,66039.3828125,66238.1484375,6600
2023-10-17,66428.09375,66559.8203125,66309.1796875,66558.1484375,7900
2023-10-18,65877.0234375,66475.2734375,65842.1015625,66473.7421875,7100
2023-10-19,65629.2421875,65869.6484375,65343.5,65484.609375,11000
2023-10-20,65397.62109375,65555.140625,65308.609375,65437.0703125,14300
2023-10-23,64571.87890625,65453.921875,64502.6796875,65419.01953125,6800
2023-10-25,64049.05859375,64787.078125,63912.16015625,64619.26953125,7100
2023-10-26,63148.1484375,63774.16015625,63092.98046875,63774.16015625,12900
2023-10-27,63782.80078125,63913.12890625,63393.37109375,63559.3203125,12600
2023-10-30,64112.6484375,64184.578125,63431.44921875,63885.55859375,5600
2023-10-31,63874.9296875,64452.3203125,63812.53125,64449.6484375,15000
2023-11-01,63591.328125,63896.05078125,63550.4609375,63829.87109375,6100
2023-11-02,64080.8984375,64202.640625,63815.3515625,64033.3984375,6400
2023-11-03,64363.78125,64535.19140625,64275.390625,64444.8984375,16100
2023-11-06,64958.69140625,64992.5390625,64617.48046875,64835.23046875,8100
2023-11-07,64942.3984375,65021.2890625,64638.1015625,65021.2890625,7700
2023-11-08,64975.609375,65124.0,64851.05859375,65101.94921875,6400
2023-11-09,64832.19921875,65046.55859375,64768.76171875,65025.3203125,11600
2023-11-10,64904.6796875,65014.05859375,64580.94921875,64756.109375,11100
2023-11-13,64933.87109375,65176.9609375,64853.359375,65158.30859375,7700
2023-11-15,65675.9296875,65747.6484375,65373.5,65461.5390625,7500
2023-11-16,65982.4765625,66358.3671875,65507.01953125,65665.8671875,11600
2023-11-17,65794.7265625,66037.6875,65639.7421875,65788.7890625,10900
2023-11-20,65655.1484375,65844.0078125,65547.796875,65787.5078125,7200
2023-11-21,65930.7734375,66082.359375,65849.171875,65860.4609375,5400
2023-11-22,66023.2421875,66063.4296875,65664.8515625,65839.6171875,4300
2023-11-23,66017.8125,66235.2421875,65980.5,66084.3671875,7500
2023-11-24,65970.0390625,66101.640625,65894.046875,66000.2890625,10800
2023-11-28,66174.203125,66256.203125,65906.6484375,66063.71875,5100
2023-11-29,66901.90625,66946.28125,66374.5234375,66381.2578125,8300
2023-11-30,66988.4375,67069.890625,66610.3515625,66963.203125,11100
2023-12-01,67481.1875,67564.328125,67149.0703125,67181.1484375,21700
2023-12-04,68865.1171875,68918.21875,68274.46875,68435.34375,30900
2023-12-05,69296.140625,69381.3125,68954.8828125,69168.53125,9600
2023-12-06,69653.7265625,69744.6171875,69395.0078125,69534.9296875,10400
2023-12-07,69521.6875,69695.328125,69320.53125,69694.1484375,26000
2023-12-08,69825.6015625,69893.796875,69506.1171875,69666.3828125,18200
2023-12-11,69928.53125,70057.828125,69782.4765625,69925.6328125,12400
2023-12-12,69551.03125,70033.640625,69443.8515625,70020.6796875,7000
2023-12-13,69584.6015625,69657.9296875,69100.5625,69648.5625,7100
2023-12-14,70514.203125,70602.890625,70110.75,70146.09375,12200
2023-12-15,71483.75,71605.7578125,70655.96875,70804.1328125,25100
2023-12-18,71315.09375,71552.2421875,71142.2890625,71437.3515625,12500
2023-12-19,71437.1875,71623.7109375,71071.9765625,71479.28125,8600
2023-12-20,70506.3125,71913.0703125,70302.6015625,71647.65625,13200
2023-12-21,70865.1015625,70958.7109375,69920.390625,69920.890625,8800
2023-12-22,71106.9609375,71259.546875,70713.5625,71045.6484375,15300
2023-12-26,71336.796875,71471.2890625,71012.078125,71097.78125,7700
2023-12-27,72038.4296875,72119.8515625,71473.6484375,71492.0234375,9800
2023-12-28,72410.3828125,72484.34375,72137.453125,72262.671875,7800
2023-12-29,72240.2578125,72417.0078125,72082.640625,72351.59375,19800
2024-01-02,71892.4765625,72332.8515625,71613.7421875,72332.8515625,300
2024-01-03,71356.6015625,71862.0,71303.96875,71832.6171875,13600
2024-01-04,71847.5703125,71954.7890625,71546.6015625,71678.9296875,8900
2024-01-05,72026.1484375,72156.4765625,71779.828125,72016.7109375,14900
2024-01-08,71355.21875,72181.7734375,71301.0390625,72113.25,10900
2024-01-09,71386.2109375,72035.46875,71307.2734375,71770.90625,9500
2024-01-10,71657.7109375,71733.84375,71110.9765625,71383.203125,9400
2024-01-11,71721.1796875,71999.46875,71543.1875,71907.75,7800
2024-01-12,72568.453125,72720.9609375,71982.2890625,72148.0703125,20400
2024-01-15,73327.9375,73402.15625,72909.0,73049.8671875,16000
2024-01-16,73128.7734375,73427.59375,72960.2890625,73331.953125,11200
2024-01-17,71500.7578125,72484.796875,71429.296875,71998.9296875,14100
2024-01-18,71186.859375,71451.2890625,70665.5,71018.859375,13000
2024-01-19,71683.2265625,71895.640625,71542.7421875,71786.7421875,25500
2024-01-23,70370.546875,72039.203125,70234.546875,71868.203125,11400
2024-01-24,71060.3125,71149.609375,70001.6015625,70165.4921875,15600
2024-01-25,70700.671875,71049.4609375,70319.0390625,71022.1015625,36700
2024-01-29,71941.5703125,72010.21875,70880.5390625,70968.1015625,13900
2024-01-30,71139.8984375,72142.2265625,71075.71875,72000.203125,12900
2024-01-31,71752.109375,71851.390625,70846.0390625,71073.0390625,11000
2024-02-01,71645.296875,72151.0234375,71574.890625,71998.78125,11500
2024-02-02,72085.6328125,73089.3984375,71948.7734375,71977.5625,19400
2024-02-05,71731.421875,72385.9296875,71602.140625,72269.1171875,19900
2024-02-06,72186.09375,72261.3984375,71625.1796875,71970.8203125,10500
2024-02-07,72152.0,72559.2109375,71938.21875,72548.5,12800
2024-02-08,71428.4296875,72473.421875,71230.6171875,72473.421875,14500
2024-02-09,71595.4921875,71676.4921875,71200.3125,71410.2890625,19000
2024-02-12,71072.4921875,71756.578125,70922.5703125,71722.3125,10700
2024-02-13,71555.1875,71662.7421875,70924.296875,71292.078125,8100
2024-02-14,71822.828125,71938.59375,70809.84375,71035.25,10700
2024-02-15,72050.3828125,72164.96875,71644.4375,72061.46875,8200
2024-02-16,72426.640625,72545.328125,72218.1015625,72406.0234375,15200
2024-02-19,72708.15625,72881.9296875,72308.6796875,72627.6015625,0
2024-02-20,73057.3984375,73130.6875,72510.2421875,72727.8671875,7700
2024-02-21,72623.09375,73267.796875,72450.5625,73267.4765625,13900
2024-02-22,73158.2421875,73256.390625,72081.359375,72677.5078125,9100
2024-02-23,73142.796875,73413.9296875,73022.0,73394.4375,11900
2024-02-26,72790.1328125,73092.2578125,72666.8203125,73044.8125,7900
2024-02-27,73095.21875,73161.296875,72660.1328125,72723.53125,8300
2024-02-28,72304.8828125,73223.109375,72222.2890625,73162.8203125,6200
2024-02-29,72500.296875,72730.0,72099.3203125,72220.5703125,18600
2024-03-01,73745.3515625,73819.2109375,72591.140625,72606.3125,20700
2024-03-04,73872.2890625,73990.1328125,73747.0078125,73903.09375,14200
2024-03-05,73677.1328125,73915.5390625,73412.25,73767.421875,21200
2024-03-06,74085.9921875,74151.2734375,73321.4765625,73587.703125,13300
2024-03-07,74119.390625,74245.171875,73921.4765625,74242.7421875,16000
2024-03-11,73502.640625,74187.3515625,73433.90625,74175.9296875,9800
2024-03-12,73667.9609375,74004.15625,73342.1171875,73516.421875,9600
2024-03-13,72761.890625,74052.75,72515.7109375,73993.3984375,452000
2024-03-14,73097.28125,73364.296875,72497.1875,72570.1015625,10000
2024-03-15,72643.4296875,72998.0703125,72484.8203125,72886.7734375,22300
2024-03-18,72748.421875,72985.890625,72314.15625,72587.296875,11000
2024-03-19,72012.046875,72490.09375,71933.3515625,72462.9375,38400
2024-03-20,72101.6875,72402.671875,71674.421875,72036.859375,8300
2024-03-21,72641.1875,72882.4609375,72416.03125,72507.359375,12900
2024-03-22,72831.9375,73115.6171875,72172.09375,72231.65625,26100
2024-03-26,72470.296875,72705.2890625,72363.03125,72396.96875,30600
2024-03-27,72996.3125,73138.7265625,72600.7265625,72692.15625,9400
2024-03-28,73651.3515625,74190.3125,73120.328125,73149.34375,14900
2024-04-01,74014.546875,74254.6171875,73909.390625,73968.6171875,0
2024-04-02,73903.90625,74099.78125,73743.7734375,74022.296875,6300
2024-04-03,73876.8203125,74151.2109375,73540.2734375,73757.2265625,7900
2024-04-04,74227.6328125,74501.7265625,73485.1171875,74413.8203125,10700
2024-04-05,74248.21875,74361.109375,73946.921875,74287.0234375,11300
2024-04-08,74742.5,74869.296875,74410.0703125,74555.4375,8300
2024-04-09,74683.703125,75124.28125,74603.3671875,75124.28125,41000
2024-04-10,75038.1484375,75105.140625,74807.546875,74953.9609375,7100
2024-04-12,74244.8984375,74951.8828125,74189.3125,74889.640625,15600
2024-04-15,73399.78125,73905.796875,73315.15625,73315.15625,12800
2024-04-16,72943.6796875,73135.4296875,72685.03125,72892.140625,9200
2024-04-18,72488.9921875,73473.046875,72365.671875,73183.1015625,12400
2024-04-19,73088.328125,73210.171875,71816.4609375,71999.6484375,16200
2024-04-22,73648.6171875,73767.796875,73227.3203125,73666.5078125,11100
2024-04-23,73738.453125,74059.890625,73688.3125,74048.9375,6400
2024-04-24,73852.9375,74121.609375,73788.609375,73957.5703125,6600
2024-04-25,74339.4375,74571.25,73556.1484375,73572.34375,11800
2024-04-26,73730.15625,74515.90625,73616.6484375,74509.3125,13700
2024-04-29,74671.28125,74721.1484375,73922.34375,73982.75,9900
2024-04-30,74482.78125,75111.390625,74346.3984375,74800.890625,8400
2024-05-02,74611.109375,74812.4296875,74360.6875,74391.7265625,18400
2024-05-03,73878.1484375,75095.1796875,73467.7265625,75017.8203125,15600
2024-05-06,73895.5390625,74359.6875,73786.2890625,74196.6796875,11200
2024-05-07,73511.8515625,74026.796875,73259.2578125,73973.296875,7900
2024-05-08,73466.390625,73684.9296875,73073.921875,73225.0,6500
2024-05-09,72404.171875,73499.4921875,72334.1796875,73499.4921875,9200
2024-05-10,72664.46875,72946.5390625,72366.2890625,72475.453125,11000
2024-05-13,72776.1328125,72863.5625,71866.0078125,72476.6484375,13900
2024-05-14,73104.609375,73286.2578125,72683.9921875,72696.71875,7100
2024-05-15,72987.03125,73301.46875,72822.65625,73200.2265625,7700
2024-05-16,73663.71875,73749.46875,72529.96875,73338.2421875,9700
2024-05-17,73917.03125,74070.84375,73459.796875,73711.3125,11900
2024-05-21,73953.3125,74189.1875,73762.3671875,73842.9609375,11000
2024-05-22,74221.0625,74307.7890625,73860.328125,74165.5234375,6200
2024-05-23,75418.0390625,75499.90625,74158.3515625,74253.53125,11900
2024-05-24,75410.390625,75636.5,75244.21875,75335.453125,10300
2024-05-27,75390.5,76009.6796875,75175.2734375,75655.4609375,10200
2024-05-28,75170.453125,75585.3984375,75083.21875,75585.3984375,6900
2024-05-29,74502.8984375,74986.21875,74454.546875,74826.9375,8200
2024-05-30,73885.6015625,74493.546875,73668.7265625,74365.8828125,11800
2024-05-31,73961.3125,74478.890625,73765.1484375,74208.53125,19200
2024-06-03,76468.78125,76738.890625,75678.4296875,76583.2890625,19300
2024-06-04,72079.046875,76300.4609375,70234.4296875,76285.78125,39100
2024-06-05,74382.2421875,74534.8203125,71879.4375,73027.8828125,17200
2024-06-06,75074.5078125,75297.7265625,74474.9375,75078.703125,13300
2024-06-07,76693.359375,76795.3125,74941.8828125,75031.7890625,29000
2024-06-10,76490.078125,77079.0390625,76379.7265625,76935.40625,17300
2024-06-11,76456.59375,76860.53125,76296.4375,76680.8984375,6700
2024-06-12,76606.5703125,77050.53125,76533.78125,76679.109375,9700
2024-06-13,76810.8984375,77145.4609375,76719.703125,77102.046875,7500
2024-06-14,76992.7734375,77081.296875,76549.046875,76912.3828125,12400
2024-06-18,77301.140625,77366.7734375,77071.4375,77235.3125,7400
2024-06-19,77337.59375,77851.6328125,76954.8671875,77543.21875,11100
2024-06-20,77478.9296875,77643.09375,77100.359375,77554.828125,8700
2024-06-21,77209.8984375,77808.453125,76802.0,77729.4765625,23200
2024-06-24,77341.078125,77423.0234375,76745.9375,76885.6484375,13900
2024-06-25,78053.5234375,78164.7109375,77459.6015625,77529.1875,8800
2024-06-26,78674.25,78759.3984375,77945.9375,78094.0234375,8600
2024-06-27,79243.1796875,79396.03125,78467.34375,78758.671875,9600
2024-06-28,79032.7265625,79671.578125,78905.890625,79457.578125,17200
2024-07-01,79476.1875,79561.0,78971.7890625,79043.3515625,0
2024-07-02,79441.453125,79855.8671875,79231.109375,79840.3671875,0
2024-07-03,79986.796875,80074.296875,79754.953125,80013.7734375,0
2024-07-04,80049.671875,80392.640625,79986.40625,80321.7890625,8800
2024-07-05,79996.6015625,80149.8671875,79478.9609375,79778.9765625,16200
2024-07-08,79960.3828125,80067.4609375,79731.828125,79915.0,14100
2024-07-09,80351.640625,80397.171875,79998.5625,80107.2109375,6200
2024-07-10,79924.7734375,80481.359375,79435.7578125,80481.359375,9300
2024-07-11,79897.34375,80170.09375,79464.3828125,80170.09375,8200
2024-07-12,80519.34375,80893.5078125,79843.390625,80093.6171875,18400
2024-07-15,80664.859375,80862.5390625,80556.96875,80686.5390625,16200
2024-07-16,80716.546875,80898.296875,80598.0625,80731.4921875,8700
2024-07-18,81343.4609375,81522.546875,80390.3671875,80514.25,9300
2024-07-19,80604.6484375,81587.7578125,80499.1015625,81585.0625,16100
2024-07-22,80502.078125,80800.921875,80100.6484375,80408.8984375,11400
2024-07-23,80429.0390625,80766.40625,79224.3203125,80724.296875,13100
2024-07-24,80148.8828125,80519.578125,79750.5078125,80343.3828125,9900
2024-07-25,80039.796875,80143.1015625,79477.828125,79542.109375,9700
2024-07-26,81332.71875,81427.1796875,80013.6015625,80158.5,18400
2024-07-29,81355.84375,81908.4296875,81135.90625,81679.6484375,19400
2024-07-30,81455.3984375,81815.2734375,81230.4375,81349.28125,10800
2024-07-31,81741.34375,81828.0390625,81434.3203125,81655.8984375,6900
2024-08-01,81867.546875,82129.4921875,81700.2109375,81949.6796875,14500
2024-08-02,80981.953125,81345.6015625,80868.90625,81158.9921875,19500
2024-08-05,78759.3984375,79780.609375,78295.859375,78588.1875,25100
2024-08-06,78593.0703125,79852.078125,78496.5703125,78981.96875,8900
2024-08-07,79468.0078125,79639.203125,79106.203125,79565.3984375,8600
2024-08-08,78886.21875,79626.921875,78798.9375,79420.4921875,8900
2024-08-09,79705.90625,79984.2421875,79549.09375,79984.2421875,8800
2024-08-12,79648.921875,80106.1796875,79226.1328125,79330.1171875,10500
2024-08-13,78956.03125,79692.546875,78889.3828125,79552.5078125,7400
2024-08-14,79105.8828125,79228.9375,78895.71875,79065.21875,10700
2024-08-16,80436.84375,80518.2109375,79306.6875,79754.8515625,13100
2024-08-19,80424.6796875,80724.3984375,80332.6484375,80680.25,10300
2024-08-20,80802.859375,80942.9609375,80517.953125,80722.5390625,6600
2024-08-21,80905.296875,80952.828125,80626.3828125,80667.25,5800
2024-08-22,81053.1875,81236.453125,80954.0234375,81207.2421875,5800
2024-08-23,81086.2109375,81231.4921875,80883.2578125,81165.6484375,10400
2024-08-26,81698.109375,81824.2734375,81278.4375,81388.2578125,16200
2024-08-27,81711.7578125,81919.109375,81600.5078125,81815.2265625,5700
2024-08-28,81785.5625,82039.2578125,81578.3203125,81779.84375,5100
2024-08-29,82134.609375,82285.828125,81682.78125,81822.5625,8400
2024-08-30,82365.7734375,82637.03125,82256.0234375,82637.03125,10300
2024-09-02,82559.84375,82725.28125,82440.9296875,82725.28125,9500
2024-09-03,82555.4375,82675.0625,82400.7578125,82652.6875,4300
2024-09-04,82352.640625,82408.5390625,81833.6875,81845.5,9100
2024-09-05,82201.15625,82617.4921875,82130.4375,82469.7890625,7000
2024-09-06,81183.9296875,82254.7890625,80981.9296875,82171.078125,14500
2024-09-09,81559.5390625,81653.359375,80895.046875,80973.75,7800
2024-09-10,81921.2890625,82196.546875,81445.296875,81768.71875,5600
2024-09-11,81523.15625,82134.953125,81423.140625,81928.1171875,7800
2024-09-12,82962.7109375,83116.1875,81534.2890625,81930.1796875,8300
2024-09-13,82890.9375,83092.9296875,82653.21875,83091.546875,12700
2024-09-16,82988.78125,83184.34375,82832.8203125,82985.328125,6900
2024-09-17,83079.65625,83152.40625,82866.6796875,83084.6328125,9800
2024-09-18,82948.2265625,83326.3828125,82700.6328125,83037.1328125,5100
2024-09-19,83184.796875,83773.609375,83071.65625,83359.171875,6600
2024-09-20,84544.3125,84694.4609375,83187.640625,83603.0390625,28700
2024-09-23,84928.609375,84980.53125,84607.3828125,84651.1484375,11100
2024-09-24,84914.0390625,85163.2265625,84716.0703125,84860.7265625,8700
2024-09-25,85169.8671875,85247.421875,84743.0390625,84836.453125,13500
2024-09-26,85836.1171875,85930.4296875,85106.7421875,85167.5625,9100
2024-09-27,85571.8515625,85978.25,85474.578125,85893.84375,9400
2024-09-30,84299.78125,85359.6484375,84257.140625,85208.7578125,11000
2024-10-01,84266.2890625,84648.3984375,84098.9375,84257.171875,6000
2024-10-03,82497.1015625,83752.8125,82434.0234375,83002.09375,19700
2024-10-04,81688.453125,83368.3203125,81532.6796875,82244.25,19200
2024-10-07,81050.0,82137.7734375,80726.0625,81926.9921875,17700
2024-10-08,81634.8125,81763.28125,80813.0703125,80826.5625,7200
2024-10-09,81467.1015625,82319.2109375,81342.890625,81954.578125,7500
2024-10-10,81611.40625,82002.84375,81538.9375,81832.65625,7600
2024-10-11,81381.359375,81671.3828125,81304.1484375,81478.4921875,8700
2024-10-14,81973.046875,82072.171875,81541.203125,81576.9296875,7700
2024-10-15,81820.1171875,82300.4375,81635.5703125,82101.859375,5500
2024-10-16,81501.359375,81932.1484375,81358.2578125,81646.6015625,5600
2024-10-17,81006.609375,81781.3984375,80905.640625,81758.0703125,6800
2024-10-18,81224.75,81391.1484375,80409.25,80749.2578125,9300
2024-10-21,81151.2734375,81770.0234375,80811.2265625,81770.0234375,7600
2024-10-22,80220.71875,81504.2421875,80149.53125,81155.078125,5600
2024-10-23,80081.9765625,80646.3125,79891.6796875,79921.1328125,6200
2024-10-24,80065.15625,80259.8203125,79813.0234375,80098.296875,4800
2024-10-25,79402.2890625,80253.1875,79137.9765625,80187.34375,13900
2024-10-28,80005.0390625,80539.8125,79418.8203125,79653.671875,10800
2024-10-29,80369.03125,80450.4765625,79421.3515625,80037.203125,9600
2024-10-30,79942.1796875,80435.609375,79821.9921875,80237.8515625,5900
2024-10-31,79389.0625,80044.953125,79287.9296875,80044.953125,9300
2024-11-01,79724.1171875,80023.75,79655.546875,80023.75,2300
2024-11-04,78782.2421875,79713.140625,78232.6015625,79713.140625,9500
2024-11-05,79476.6328125,79523.1328125,78296.703125,78542.15625,8600
2024-11-06,80378.1328125,80569.7265625,79459.1171875,79771.8203125,20200
2024-11-07,79541.7890625,80563.421875,79419.34375,80563.421875,8200
2024-11-08,79486.3203125,79807.2578125,79117.3671875,79611.8984375,10300
2024-11-11,79496.1484375,80102.140625,79001.34375,79298.4609375,16900
2024-11-12,78675.1796875,79820.9765625,78547.84375,79644.953125,6400
2024-11-13,77690.953125,78690.0234375,77533.296875,78495.53125,7400
2024-11-14,77580.3125,78055.5234375,77424.8125,77636.9375,10100
2024-11-18,77339.0078125,77886.96875,76965.0625,77863.5390625,8200
2024-11-19,77578.3828125,78451.6484375,77411.3125,77548.0,7200
2024-11-21,77155.7890625,77711.109375,76802.7265625,77711.109375,8800
2024-11-22,79117.109375,79218.1875,77226.6875,77349.7421875,17100
2024-11-25,80109.8515625,80473.078125,79765.9921875,80193.46875,14000
2024-11-26,80004.0625,80482.359375,79798.671875,80415.46875,10400
2024-11-27,80234.078125,80511.1484375,79844.4921875,80121.03125,5700
2024-11-28,79043.7421875,80447.3984375,78918.921875,80281.640625,7900
2024-11-29,79802.7890625,79923.8984375,79026.1796875,79032.9921875,8900
2024-12-02,80248.078125,80337.8203125,79308.953125,79743.8671875,7300
2024-12-03,80845.75,80949.1015625,80244.78125,80529.203125,9400
2024-12-04,80956.328125,81245.390625,80630.53125,81036.21875,7200
2024-12-05,81765.859375,82317.7421875,80467.3671875,81182.7421875,7500
2024-12-06,81709.1171875,81925.90625,81506.1875,81887.5390625,8800
2024-12-09,81508.4609375,81783.28125,81411.546875,81602.578125,6400
2024-12-10,81510.046875,81726.34375,81182.6875,81575.9609375,5600
2024-12-11,81526.140625,81742.3671875,81383.421875,81568.390625,6300
2024-12-12,81289.9609375,81680.96875,81211.640625,81476.7578125,7800
2024-12-13,82133.1171875,82213.921875,80082.8203125,81212.453125,11300
2024-12-16,81748.5703125,82116.4375,81551.28125,82000.3125,5200
2024-12-17,80684.453125,81613.640625,80612.203125,81511.8125,4900
2024-12-18,80182.203125,80868.0234375,80050.0703125,80666.2578125,4700
2024-12-19,79218.046875,79516.171875,79020.078125,79029.03125,6500
2024-12-20,78041.59375,79587.1484375,77874.59375,79335.4765625,9000
2024-12-23,78540.171875,78918.1171875,78189.1875,78488.640625,10300
2024-12-24,78472.8671875,78877.359375,78397.7890625,78707.3671875,6200
2024-12-26,78472.4765625,78898.3671875,78173.3828125,78557.28125,5600
2024-12-27,78699.0703125,79043.1484375,78598.546875,78607.6171875,7700
2024-12-30,78248.1328125,79092.703125,78077.1328125,78637.578125,8900
2024-12-31,78139.0078125,78305.34375,77560.7890625,77982.5703125,6100
2025-01-01,78507.40625,78756.4921875,77898.296875,78265.0703125,5000
2025-01-02,79943.7109375,80032.8671875,78542.3671875,78657.5234375,8600
2025-01-03,79223.109375,80072.9921875,79109.7265625,80072.9921875,10900
2025-01-06,77964.9921875,79532.671875,77781.6171875,79281.6484375,11800
2025-01-07,78199.109375,78452.7421875,77925.09375,78019.796875,9400
2025-01-08,78148.4921875,78319.453125,77486.7890625,78319.453125,10100
2025-01-09,77620.2109375,78206.2109375,77542.921875,78206.2109375,6800
2025-01-10,77378.90625,77919.703125,77099.546875,77682.59375,8500
2025-01-13,76330.0078125,77128.3515625,76249.71875,76629.8984375,13600
2025-01-14,76499.6328125,76835.609375,76335.75,76335.75,16800
2025-01-15,76724.078125,76991.046875,76479.703125,76900.140625,12800
2025-01-16,77042.8203125,77319.5,76895.5078125,77319.5,8600
2025-01-17,76619.328125,77069.1875,76263.2890625,77069.1875,9700
2025-01-20,77073.4375,77318.9375,76584.84375,76978.53125,11300
2025-01-21,75838.359375,77337.359375,75641.8671875,77261.71875,32900
2025-01-22,76404.9921875,76463.1328125,75816.5,76114.421875,16000
2025-01-23,76520.3828125,76743.5390625,76202.1171875,76414.5234375,11200
2025-01-24,76190.4609375,76985.953125,76091.75,76455.3515625,7800
2025-01-27,75366.171875,75925.71875,75267.59375,75700.4296875,9500
2025-01-28,75901.40625,76512.9609375,75622.8828125,75659.0,13000
2025-01-29,76532.9609375,76599.7265625,75975.796875,76138.2421875,10200
2025-01-30,76759.8125,76962.8828125,76401.1328125,76598.84375,18500
2025-01-31,77500.5703125,77605.9609375,76833.8671875,76888.890625,12600
2025-02-03,77186.7421875,77260.3671875,76756.09375,77063.9375,11400
2025-02-04,78583.8125,78658.59375,77402.3671875,77687.6015625,11800
2025-02-05,78271.28125,78735.40625,78216.25,78704.6015625,8000
2025-02-06,78058.15625,78551.65625,77843.9921875,78513.359375,8000
2025-02-07,77860.1875,78356.9765625,77475.7421875,78119.6015625,10900
2025-02-10,77311.796875,77849.578125,77106.890625,77789.296875,7000
2025-02-11,76293.6015625,77387.28125,76030.59375,77384.9765625,9800
2025-02-12,76171.078125,76459.71875,75388.390625,76188.2421875,10400
2025-02-13,76138.96875,76764.53125,76013.4296875,76201.1015625,6900
2025-02-14,75939.2109375,76483.0625,75439.640625,76388.9921875,9300
2025-02-17,75996.859375,76041.9609375,75294.7578125,75641.40625,8100
2025-02-18,75967.390625,76091.6875,75531.0078125,76073.7109375,8600
2025-02-19,75939.1796875,76338.578125,75581.3828125,75787.2734375,5100
2025-02-20,75735.9609375,75794.1484375,75463.0078125,75672.84375,6900
2025-02-21,75311.0625,75748.71875,75112.40625,75612.609375,12700
2025-02-24,74454.40625,74907.0390625,74387.4375,74893.453125,6400
2025-02-25,74602.1171875,74785.078125,74400.3671875,74440.296875,10700
2025-02-27,74612.4296875,74834.09375,74520.78125,74706.6015625,6700
2025-02-28,73198.1015625,74282.4296875,73141.2734375,74201.7734375,9100
2025-03-03,73085.9375,73649.71875,72784.5390625,73427.6484375,10100
2025-03-04,72989.9296875,73033.1796875,72633.5390625,72817.34375,6200
2025-03-05,73730.2265625,73933.796875,72894.046875,73005.3671875,9300
2025-03-06,74340.09375,74390.796875,73415.6796875,74308.296875,10100
2025-03-07,74332.578125,74586.4296875,74038.03125,74347.140625,6900
2025-03-10,74115.171875,74741.25,74022.2421875,74474.9765625,6600
2025-03-11,74102.3203125,74195.171875,73663.6015625,73743.8828125,11700
2025-03-12,74029.7578125,74392.1484375,73598.15625,74270.8125,13800
2025-03-13,73828.90625,74401.109375,73770.59375,74392.5390625,9900
2025-03-17,74169.953125,74376.3515625,73796.0625,73830.03125,7400
2025-03-18,75301.2578125,75385.7578125,74480.1484375,74608.65625,14500
2025-03-19,75449.046875,75568.3828125,75201.4765625,75473.171875,12200
2025-03-20,76348.0625,76456.25,75684.578125,75917.109375,9100
2025-03-21,76905.5078125,77041.9375,76095.2578125,76155.0,8500
2025-03-24,77984.3828125,78107.2265625,77179.3515625,77456.2734375,10100
2025-03-25,78017.1875,78741.6875,77745.6328125,78296.28125,12700
2025-03-26,77288.5,78167.8671875,77194.21875,78021.453125,10500
2025-03-27,77606.4296875,77747.4609375,77082.5078125,77087.390625,12700
2025-03-28,77414.921875,77766.703125,77185.6171875,77690.6875,16700
2025-04-01,76024.5078125,77487.046875,75912.1796875,76882.578125,10600
2025-04-02,76617.4375,76680.3515625,76064.9375,76146.28125,10800
2025-04-03,76295.359375,76493.7421875,75807.546875,75811.859375,6900
2025-04-04,75364.6875,76258.1171875,75240.546875,76160.09375,11700
2025-04-07,73137.8984375,73403.9921875,71425.0078125,71449.9375,29400
2025-04-08,74227.078125,74859.390625,73424.921875,74013.7265625,17100
2025-04-09,73847.1484375,74103.828125,73673.0625,74103.828125,9100
2025-04-11,75157.2578125,75467.328125,74762.84375,74835.4921875,14200
2025-04-15,76734.890625,76907.6328125,76435.0703125,76852.0625,12900
2025-04-16,77044.2890625,77110.2265625,76543.7734375,76996.78125,9500
2025-04-17,78553.203125,78616.7734375,76665.7734375,76968.0234375,11100
2025-04-21,79408.5,79635.046875,78776.0625,78903.09375,12600
2025-04-22,79595.59375,79824.296875,79253.4375,79728.390625,14800
2025-04-23,80116.4921875,80254.546875,79506.8984375,80142.09375,12000
2025-04-24,79801.4296875,80173.921875,79724.546875,80058.4296875,8200
2025-04-25,79212.53125,80130.65625,78605.8125,79830.1484375,13200
2025-04-28,80218.3671875,80321.8828125,79341.3515625,79343.6328125,8500
2025-04-29,80288.3828125,80661.3125,80122.0234375,80396.921875,16200
2025-04-30,80242.2421875,80525.609375,79879.1484375,80370.796875,12200
2025-05-02,80501.9921875,81177.9296875,80168.59375,80300.1875,12700
2025-05-05,80796.84375,81049.03125,80657.7109375,80661.6171875,8800
2025-05-06,80641.0703125,80981.578125,80481.03125,80907.2421875,12500
2025-05-07,80746.78125,80844.6328125,79937.4765625,79948.796875,8800
2025-05-08,80334.8125,80927.9921875,79987.609375,80912.34375,10600
2025-05-09,79454.46875,80032.9296875,78968.34375,78968.34375,8800
2025-05-12,82429.8984375,82495.96875,80651.0703125,80803.796875,10700
2025-05-13,81148.21875,82572.8125,81043.6875,82249.6015625,16200
2025-05-14,81330.5625,81691.8671875,80910.03125,81278.4921875,15200
2025-05-15,82530.7421875,82718.140625,80762.15625,81354.4296875,12600
2025-05-16,82330.59375,82514.8125,82146.953125,82392.6328125,15300
2025-05-19,82059.421875,82424.1015625,81964.5703125,82354.921875,8100
2025-05-20,81186.4375,82250.421875,81153.703125,82116.171875,10500
2025-05-21,81596.6328125,82021.640625,81237.0625,81327.609375,5800
2025-05-22,80951.9921875,81323.2421875,80489.921875,81323.046875,10700
2025-05-23,81721.078125,81905.171875,80897.0,80897.0,12000
2025-05-26,82176.453125,82492.2421875,81867.2265625,81928.953125,10200
2025-05-27,81551.6328125,82410.5234375,81121.703125,82038.203125,20700
2025-05-28,81312.3203125,81613.359375,81244.0234375,81457.609375,24100
2025-05-29,81633.0234375,81816.890625,81106.9765625,81591.03125,6800
2025-05-30,81451.0078125,81698.2109375,81286.453125,81465.6875,12600
2025-06-02,81373.75,81474.2578125,80654.2578125,81214.421875,9900
2025-06-03,80737.5078125,81774.2265625,80575.09375,81492.5,32000
2025-06-04,80998.25,81087.2890625,80705.1796875,80777.6484375,7500
2025-06-05,81442.0390625,81911.1328125,80983.7265625,81196.078125,9800
2025-06-06,82188.9921875,82299.890625,81140.109375,81434.2421875,12400
2025-06-09,82445.2109375,82669.0,82369.2421875,82574.546875,11500
2025-06-10,82391.71875,82680.7890625,82240.3984375,82643.7265625,15100
2025-06-11,82515.140625,82783.5078125,82308.90625,82473.0234375,11300
2025-06-12,81691.9765625,82661.0390625,81523.15625,82571.671875,6000
2025-06-13,81118.6015625,81238.6796875,80354.59375,80427.8125,6600
2025-06-16,81796.1484375,81865.8203125,81012.3125,81034.453125,11400
2025-06-17,81583.296875,81890.1484375,81427.0078125,81869.46875,21500
2025-06-18,81444.65625,81858.96875,81237.0078125,81314.6171875,11300
2025-06-19,81361.8671875,81583.9375,81191.0390625,81403.9375,12500
2025-06-20,82408.171875,82494.4921875,81323.203125,81354.8515625,6700
2025-06-23,81896.7890625,82169.671875,81476.7578125,81704.0703125,8000
2025-06-24,82055.109375,83018.15625,81900.1171875,82534.609375,119300
2025-06-25,82755.5078125,82815.90625,82339.5703125,82448.796875,7500
2025-06-26,83755.8671875,83812.09375,82816.2578125,82882.921875,10500
2025-06-27,84058.8984375,84089.3515625,83645.40625,83774.453125,8600
2025-06-30,83606.4609375,84099.53125,83482.1328125,84027.328125,6200
2025-07-01,83697.2890625,83874.2890625,83572.5078125,83685.65625,19100
2025-07-02,83409.6875,83935.0078125,83150.7734375,83790.71875,10600
2025-07-03,83239.46875,83850.09375,83186.7421875,83540.7421875,9600
2025-07-04,83432.890625,83477.859375,83015.828125,83306.8125,8800
2025-07-07,83442.5,83516.8203125,83262.2265625,83398.078125,6200
2025-07-08,83712.5078125,83812.3125,83320.953125,83387.03125,15300
2025-07-09,83536.078125,83781.359375,83382.28125,83625.890625,7800
2025-07-10,83190.28125,83742.28125,83134.96875,83658.203125,7500
2025-07-11,82500.46875,83040.7421875,82442.25,82820.7578125,10700
2025-07-14,82253.4609375,82537.8671875,82010.3828125,82537.8671875,18100
2025-07-15,82570.90625,82743.6171875,82221.7421875,82233.15625,9900
2025-07-16,82634.4765625,82784.75,82342.9375,82534.65625,7600
2025-07-17,82259.2421875,82757.09375,82219.2734375,82753.53125,8800
2025-07-18,81757.7265625,82334.75,81608.1328125,82193.6171875,8300
2025-07-21,82200.34375,82274.03125,81518.65625,81918.53125,15300
2025-07-22,82186.8125,82538.171875,82110.6328125,82527.4296875,23900
2025-07-23,82726.640625,82786.4296875,82279.7265625,82451.8671875,10100
2025-07-24,82184.171875,82784.2421875,82047.21875,82779.953125,14000
2025-07-25,81463.09375,82069.5078125,81397.6875,82065.7578125,10000
2025-07-28,80891.0234375,81557.40625,80776.4375,81299.96875,5100
2025-07-29,81337.953125,81429.8828125,80575.453125,80620.25,12300
2025-07-30,81481.859375,81618.9609375,81187.0625,81594.5234375,7200
2025-07-31,81185.578125,81803.2734375,80695.1484375,80695.5,9700
2025-08-01,80599.90625,81317.5078125,80495.5703125,81074.40625,14700
2025-08-04,81018.71875,81093.1875,80500.5078125,80765.828125,9900
2025-08-05,80710.25,81010.4921875,80554.3984375,80946.4296875,10900
2025-08-06,80543.9921875,80834.4296875,80448.8203125,80694.9765625,5300
2025-08-07,80623.2578125,80737.546875,79811.2890625,80262.9765625,37500
2025-08-08,79857.7890625,80550.3984375,79775.84375,80478.0078125,23200
2025-08-11,80604.078125,80636.046875,79772.4609375,79885.359375,8600
2025-08-12,80235.59375,80997.671875,80164.359375,80508.5078125,10300
2025-08-13,80539.90625,80683.7421875,80319.0,80492.171875,12300
2025-08-14,80597.65625,80751.1796875,80489.859375,80625.28125,7200
2025-08-18,81273.75,81765.7734375,81202.421875,81315.7890625,19300
2025-08-19,81644.390625,81755.8828125,81315.4375,81319.109375,10900
2025-08-20,81857.84375,81985.6171875,81494.5,81671.46875,9400
2025-08-21,82000.7109375,82231.171875,81921.21875,82220.4609375,10100
2025-08-22,81306.8515625,81993.609375,81291.7734375,81951.4765625,6700
2025-08-25,81635.90625,81799.0625,81364.859375,81501.0625,9700
2025-08-26,80786.5390625,81450.28125,80685.9765625,81377.390625,20500
2025-08-28,80080.5703125,80775.7109375,80013.0234375,80754.65625,7800
2025-08-29,79809.6484375,80310.7421875,79741.7578125,80010.828125,12500
2025-09-01,80364.4921875,80406.84375,79818.3828125,79828.9921875,6000
2025-09-02,80157.8828125,80761.140625,80008.5,80520.09375,8200
2025-09-03,80567.7109375,80671.28125,80004.6015625,80295.9921875,17100
2025-09-04,80718.0078125,81456.671875,80608.9375,81456.671875,17000
2025-09-05,80710.7578125,81036.5625,80321.1875,81012.421875,8200
2025-09-08,80787.296875,81171.3828125,80733.0703125,80904.3984375,8700
2025-09-09,81101.3203125,81181.3671875,80927.96875,81129.6875,6300
2025-09-10,81425.1484375,81643.8828125,81235.421875,81504.359375,11800
2025-09-11,81548.7265625,81642.21875,81216.90625,81217.296875,13500
2025-09-12,81904.703125,81992.8515625,81641.3828125,81758.953125,11100
2025-09-15,81785.7421875,81998.5078125,81744.703125,81925.5078125,10500
2025-09-16,82380.6875,82443.4765625,81779.9375,81852.109375,8200
2025-09-17,82693.7109375,82741.953125,82490.46875,82506.3984375,14600
2025-09-18,83013.9609375,83141.2109375,82704.921875,83108.921875,14600
2025-09-19,82626.2265625,82978.6328125,82485.921875,82946.0390625,9700
2025-09-22,82159.96875,82583.15625,81997.2890625,82151.0703125,10300
2025-09-23,82102.1015625,82370.3828125,81776.53125,82147.3671875,9300
2025-09-24,81715.6328125,82045.46875,81607.84375,81917.6484375,15100
2025-09-25,81159.6796875,81840.7265625,81092.890625,81574.3125,14800
2025-09-26,80426.4609375,81033.09375,80332.40625,80956.0078125,10700
2025-09-29,80364.9375,80851.3828125,80248.84375,80588.7734375,8600
2025-09-30,80267.6171875,80677.8203125,80201.1484375,80541.7734375,7100
2025-10-01,80983.3125,81068.4296875,80159.8984375,80173.2421875,22300
2025-10-03,81207.171875,81251.9921875,80649.5703125,80684.140625,13600
2025-10-06,81790.1171875,81846.421875,81155.8828125,81274.7890625,8800
2025-10-07,81926.75,82309.5625,81787.4765625,81883.953125,13900
2025-10-08,81773.65625,82257.7421875,81646.078125,81899.5078125,15200
2025-10-09,82172.1015625,82247.7265625,81667.6796875,81900.0,23200
2025-10-10,82500.8203125,82654.109375,82072.9296875,82075.453125,13700
2025-10-13,82327.046875,82438.5,82043.140625,82049.15625,9000
2025-10-14,82029.9765625,82573.3671875,81781.6171875,82404.5390625,12600
2025-10-15,82605.4296875,82727.0234375,82084.3671875,82197.25,10600
2025-10-16,83467.65625,83615.4765625,82791.3515625,82794.7890625,27400
2025-10-17,83952.1875,84172.2421875,83206.078125,83331.78125,14300
2025-10-20,84363.3671875,84656.5625,84196.7890625,84269.296875,10900
2025-10-21,84426.34375,84665.4375,84286.3984375,84484.671875,3400
2025-10-23,84556.3984375,85290.0625,84445.25,85154.1484375,25700
2025-10-24,84211.8828125,84707.4375,83957.1484375,84667.2265625,13600
2025-10-27,84778.84375,84932.078125,84294.203125,84297.390625,12000
2025-10-28,84628.15625,84986.9375,84219.390625,84625.7109375,12900
2025-10-29,84997.1328125,85105.828125,84638.6796875,84663.6796875,13600
2025-10-30,84404.4609375,84906.953125,84312.6484375,84750.8984375,14200
2025-10-31,83938.7109375,84712.7890625,83905.65625,84379.7890625,13300
2025-11-03,83978.4921875,84127.0,83609.5390625,83835.1015625,1300
2025-11-04,83459.1484375,84068.0078125,83412.7734375,84000.640625,9500
2025-11-06,83311.0078125,83846.3515625,83237.6484375,83516.6875,17900
2025-11-07,83216.28125,83390.109375,82670.953125,83150.1484375,15900
2025-11-10,83535.3515625,83754.4921875,83197.671875,83198.203125,11900
2025-11-11,83871.3203125,83936.46875,83124.03125,83671.5234375,16500
2025-11-12,84466.5078125,84652.0078125,84166.75,84238.859375,9100
2025-11-13,84478.671875,84919.4296875,84253.046875,84525.890625,25600
2025-11-14,84562.78125,84697.8671875,84029.3203125,84060.140625,8800
2025-11-17,84950.953125,84988.09375,84581.078125,84700.5,10500
2025-11-18,84673.0234375,85042.40625,84558.359375,85042.3671875,10700
2025-11-19,85186.46875,85236.7734375,84525.9765625,84643.78125,8900
2025-11-20,85632.6796875,85801.703125,85201.21875,85470.921875,24300
2025-11-21,85231.921875,85609.3984375,85187.84375,85347.3984375,14200
2025-11-24,84900.7109375,85473.46875,84710.109375,85320.0390625,9600
2025-11-25,84587.0078125,85110.2421875,84536.7265625,85008.9296875,6200
2025-11-26,85609.5078125,85644.1875,84478.1328125,84503.4375,13800
2025-11-27,85720.3828125,86055.859375,85473.8515625,85745.046875,15800
2025-11-28,85706.671875,85969.890625,85577.8203125,85791.546875,6400
2025-12-01,85641.8984375,86159.0234375,85489.6484375,86065.921875,8500
2025-12-02,85138.2734375,85553.5078125,85053.0,85325.5078125,5800
2025-12-03,85106.8125,85269.6796875,84763.640625,85150.640625,17400
2025-12-04,85265.3203125,85487.2109375,84949.9765625,84987.5625,17900
2025-12-05,85712.3671875,85796.71875,85078.1171875,85125.4765625,7900
2025-12-08,85102.6875,85722.96875,84875.59375,85624.84375,10700
2025-12-09,84666.28125,84947.890625,84382.9609375,84742.8671875,8500
2025-12-10,84391.2734375,85020.34375,84313.6171875,84607.4921875,8800
2025-12-11,84818.1328125,84906.9296875,84150.1875,84456.75,15800
2025-12-12,85267.65625,85320.8203125,84956.7421875,85051.03125,8200
2025-12-15,85213.359375,85278.6328125,84840.3203125,84891.75,10600
2025-12-16,84679.859375,85059.9609375,84620.609375,85025.609375,9600
2025-12-17,84447.5078125,84889.453125,84415.9765625,84856.2578125,0
